	t	x	y
	0	10000	500
	1	8103.38	499.866
	2	6077.14	499.727
	3	3912.3	499.584
	4	1599.21	499.437
	5	0	499.284
	6	0	499.13
	7	0	498.976
	8	0	498.822
	9	0	498.668
	10	0	498.514
	11	0	498.36
	12	0	498.207
	13	0	498.054
	14	0	497.9
	15	0	497.747
	16	0	497.594
	17	0	497.441
	18	0	497.288
	19	0	497.135
	20	0	496.982
	21	0	496.829
	22	0	496.677
	23	0	496.524
	24	0	496.372
	25	0	496.22
	26	0	496.067
	27	0	495.915
	28	0	495.763
	29	0	495.611
	30	0	495.459
	31	0	495.308
	32	0	495.156
	33	0	495.004
	34	0	494.853
	35	0	494.701
	36	0	494.55
	37	0	494.399
	38	0	494.248
	39	0	494.097
	40	0	493.946
	41	0	493.795
	42	0	493.644
	43	0	493.494
	44	0	493.343
	45	0	493.193
	46	0	493.042
	47	0	492.892
	48	0	492.742
	49	0	492.592
	50	0	492.442
	51	0	492.292
	52	0	492.142
	53	0	491.992
	54	0	491.843
	55	0	491.693
	56	0	491.544
	57	0	491.394
	58	0	491.245
	59	0	491.096
	60	0	490.947
	61	0	490.798
	62	0	490.649
	63	0	490.5
	64	0	490.351
	65	0	490.203
	66	0	490.054
	67	0	489.906
	68	0	489.757
	69	0	489.609
	70	0	489.461
	71	0	489.313
	72	0	489.165
	73	0	489.017
	74	0	488.869
	75	0	488.721
	76	0	488.573
	77	0	488.426
	78	0	488.278
	79	0	488.131
	80	0	487.984
	81	0	487.836
	82	0	487.689
	83	0	487.542
	84	0	487.395
	85	0	487.248
	86	0	487.102
	87	0	486.955
	88	0	486.808
	89	0	486.662
	90	0	486.516
	91	0	486.369
	92	0	486.223
	93	0	486.077
	94	0	485.931
	95	0	485.785
	96	0	485.639
	97	0	485.493
	98	0	485.347
	99	0	485.202
	100	0	485.056
	101	0	484.911
	102	0	484.765
	103	0	484.62
	104	0	484.475
	105	0	484.33
	106	0	484.185
	107	0	484.04
	108	0	483.895
	109	0	483.75
	110	0	483.606
	111	0	483.461
	112	0	483.316
	113	0	483.172
	114	0	483.028
	115	0	482.884
	116	0	482.739
	117	0	482.595
	118	0	482.451
	119	0	482.307
	120	0	482.164
	121	0	482.02
	122	0	481.876
	123	0	481.733
	124	0	481.589
	125	0	481.446
	126	0	481.303
	127	0	481.159
	128	0	481.016
	129	0	480.873
	130	0	480.73
	131	0	480.587
	132	0	480.445
	133	0	480.302
	134	0	480.159
	135	0	480.017
	136	0	479.874
	137	0	479.732
	138	0	479.59
	139	0	479.447
	140	0	479.305
	141	0	479.163
	142	0	479.021
	143	0	478.88
	144	0	478.738
	145	0	478.596
	146	0	478.454
	147	0	478.313
	148	0	478.171
	149	0	478.03
	150	0	477.889
	151	0	477.748
	152	0	477.607
	153	0	477.466
	154	0	477.325
	155	0	477.184
	156	0	477.043
	157	0	476.902
	158	0	476.762
	159	0	476.621
	160	0	476.481
	161	0	476.34
	162	0	476.2
	163	0	476.06
	164	0	475.92
	165	0	475.78
	166	0	475.64
	167	0	475.5
	168	0	475.36
	169	0	475.221
	170	0	475.081
	171	0	474.941
	172	0	474.802
	173	0	474.663
	174	0	474.523
	175	0	474.384
	176	0	474.245
	177	0	474.106
	178	0	473.967
	179	0	473.828
	180	0	473.689
	181	0	473.551
	182	0	473.412
	183	0	473.273
	184	0	473.135
	185	0	472.996
	186	0	472.858
	187	0	472.72
	188	0	472.582
	189	0	472.444
	190	0	472.306
	191	0	472.168
	192	0	472.03
	193	0	471.892
	194	0	471.755
	195	0	471.617
	196	0	471.479
	197	0	471.342
	198	0	471.205
	199	0	471.067
	200	0	470.93
	201	0	470.793
	202	0	470.656
	203	0	470.519
	204	0	470.382
	205	0	470.246
	206	0	470.109
	207	0	469.972
	208	0	469.836
	209	0	469.699
	210	0	469.563
	211	0	469.426
	212	0	469.29
	213	0	469.154
	214	0	469.018
	215	0	468.882
	216	0	468.746
	217	0	468.61
	218	0	468.475
	219	0	468.339
	220	0	468.203
	221	0	468.068
	222	0	467.932
	223	0	467.797
	224	0	467.662
	225	0	467.526
	226	0	467.391
	227	0	467.256
	228	0	467.121
	229	0	466.986
	230	0	466.852
	231	0	466.717
	232	0	466.582
	233	0	466.448
	234	0	466.313
	235	0	466.179
	236	0	466.044
	237	0	465.91
	238	0	465.776
	239	0	465.642
	240	0	465.508
	241	0	465.374
	242	0	465.24
	243	0	465.106
	244	0	464.972
	245	0	464.839
	246	0	464.705
	247	0	464.571
	248	0	464.438
	249	0	464.305
	250	0	464.171
	251	0	464.038
	252	0	463.905
	253	0	463.772
	254	0	463.639
	255	0	463.506
	256	0	463.373
	257	0	463.241
	258	0	463.108
	259	0	462.975
	260	0	462.843
	261	0	462.71
	262	0	462.578
	263	0	462.446
	264	0	462.314
	265	0	462.181
	266	0	462.049
	267	0	461.917
	268	0	461.785
	269	0	461.654
	270	0	461.522
	271	0	461.39
	272	0	461.259
	273	0	461.127
	274	0	460.996
	275	0	460.864
	276	0	460.733
	277	0	460.602
	278	0	460.471
	279	0	460.339
	280	0	460.208
	281	0	460.078
	282	0	459.947
	283	0	459.816
	284	0	459.685
	285	0	459.555
	286	0	459.424
	287	0	459.293
	288	0	459.163
	289	0	459.033
	290	0	458.902
	291	0	458.772
	292	0	458.642
	293	0	458.512
	294	0	458.382
	295	0	458.252
	296	0	458.122
	297	0	457.993
	298	0	457.863
	299	0	457.733
	300	0	457.604
	301	0	457.474
	302	0	457.345
	303	0	457.216
	304	0	457.086
	305	0	456.957
	306	0	456.828
	307	0	456.699
	308	0	456.57
	309	0	456.441
	310	0	456.313
	311	0	456.184
	312	0	456.055
	313	0	455.927
	314	0	455.798
	315	0	455.67
	316	0	455.541
	317	0	455.413
	318	0	455.285
	319	0	455.157
	320	0	455.029
	321	0	454.901
	322	0	454.773
	323	0	454.645
	324	0	454.517
	325	0	454.389
	326	0	454.262
	327	0	454.134
	328	0	454.007
	329	0	453.879
	330	0	453.752
	331	0	453.624
	332	0	453.497
	333	0	453.37
	334	0	453.243
	335	0	453.116
	336	0	452.989
	337	0	452.862
	338	0	452.735
	339	0	452.609
	340	0	452.482
	341	0	452.356
	342	0	452.229
	343	0	452.103
	344	0	451.976
	345	0	451.85
	346	0	451.724
	347	0	451.598
	348	0	451.471
	349	0	451.345
	350	0	451.22
	351	0	451.094
	352	0	450.968
	353	0	450.842
	354	0	450.716
	355	0	450.591
	356	0	450.465
	357	0	450.34
	358	0	450.215
	359	0	450.089
	360	0	449.964
	361	0	449.839
	362	0	449.714
	363	0	449.589
	364	0	449.464
	365	0	449.339
	366	0	449.214
	367	0	449.089
	368	0	448.965
	369	0	448.84
	370	0	448.715
	371	0	448.591
	372	0	448.467
	373	0	448.342
	374	0	448.218
	375	0	448.094
	376	0	447.97
	377	0	447.846
	378	0	447.722
	379	0	447.598
	380	0	447.474
	381	0	447.35
	382	0	447.226
	383	0	447.103
	384	0	446.979
	385	0	446.855
	386	0	446.732
	387	0	446.609
	388	0	446.485
	389	0	446.362
	390	0	446.239
	391	0	446.116
	392	0	445.993
	393	0	445.87
	394	0	445.747
	395	0	445.624
	396	0	445.501
	397	0	445.379
	398	0	445.256
	399	0	445.133
	400	0	445.011
	401	0	444.888
	402	0	444.766
	403	0	444.644
	404	0	444.522
	405	0	444.399
	406	0	444.277
	407	0	444.155
	408	0	444.033
	409	0	443.911
	410	0	443.79
	411	0	443.668
	412	0	443.546
	413	0	443.425
	414	0	443.303
	415	0	443.181
	416	0	443.06
	417	0	442.939
	418	0	442.817
	419	0	442.696
	420	0	442.575
	421	0	442.454
	422	0	442.333
	423	0	442.212
	424	0	442.091
	425	0	441.97
	426	0	441.849
	427	0	441.729
	428	0	441.608
	429	0	441.488
	430	0	441.367
	431	0	441.247
	432	0	441.126
	433	0	441.006
	434	0	440.886
	435	0	440.766
	436	0	440.645
	437	0	440.525
	438	0	440.405
	439	0	440.286
	440	0	440.166
	441	0	440.046
	442	0	439.926
	443	0	439.807
	444	0	439.687
	445	0	439.567
	446	0	439.448
	447	0	439.329
	448	0	439.209
	449	0	439.09
	450	0	438.971
	451	0	438.852
	452	0	438.733
	453	0	438.614
	454	0	438.495
	455	0	438.376
	456	0	438.257
	457	0	438.138
	458	0	438.02
	459	0	437.901
	460	0	437.782
	461	0	437.664
	462	0	437.545
	463	0	437.427
	464	0	437.309
	465	0	437.191
	466	0	437.072
	467	0	436.954
	468	0	436.836
	469	0	436.718
	470	0	436.6
	471	0	436.483
	472	0	436.365
	473	0	436.247
	474	0	436.129
	475	0	436.012
	476	0	435.894
	477	0	435.777
	478	0	435.659
	479	0	435.542
	480	0	435.425
	481	0	435.308
	482	0	435.19
	483	0	435.073
	484	0	434.956
	485	0	434.839
	486	0	434.722
	487	0	434.606
	488	0	434.489
	489	0	434.372
	490	0	434.256
	491	0	434.139
	492	0	434.022
	493	0	433.906
	494	0	433.79
	495	0	433.673
	496	0	433.557
	497	0	433.441
	498	0	433.325
	499	0	433.209
	500	0	433.092
	501	0	432.977
	502	0	432.861
	503	0	432.745
	504	0	432.629
	505	0	432.513
	506	0	432.398
	507	0	432.282
	508	0	432.167
	509	0	432.051
	510	0	431.936
	511	0	431.82
	512	0	431.705
	513	0	431.59
	514	0	431.475
	515	0	431.36
	516	0	431.245
	517	0	431.13
	518	0	431.015
	519	0	430.9
	520	0	430.785
	521	0	430.67
	522	0	430.556
	523	0	430.441
	524	0	430.326
	525	0	430.212
	526	0	430.098
	527	0	429.983
	528	0	429.869
	529	0	429.755
	530	0	429.64
	531	0	429.526
	532	0	429.412
	533	0	429.298
	534	0	429.184
	535	0	429.07
	536	0	428.957
	537	0	428.843
	538	0	428.729
	539	0	428.616
	540	0	428.502
	541	0	428.388
	542	0	428.275
	543	0	428.162
	544	0	428.048
	545	0	427.935
	546	0	427.822
	547	0	427.709
	548	0	427.596
	549	0	427.482
	550	0	427.37
	551	0	427.257
	552	0	427.144
	553	0	427.031
	554	0	426.918
	555	0	426.806
	556	0	426.693
	557	0	426.58
	558	0	426.468
	559	0	426.355
	560	0	426.243
	561	0	426.131
	562	0	426.018
	563	0	425.906
	564	0	425.794
	565	0	425.682
	566	0	425.57
	567	0	425.458
	568	0	425.346
	569	0	425.234
	570	0	425.122
	571	0	425.011
	572	0	424.899
	573	0	424.787
	574	0	424.676
	575	0	424.564
	576	0	424.453
	577	0	424.342
	578	0	424.23
	579	0	424.119
	580	0	424.008
	581	0	423.897
	582	0	423.786
	583	0	423.674
	584	0	423.564
	585	0	423.453
	586	0	423.342
	587	0	423.231
	588	0	423.12
	589	0	423.01
	590	0	422.899
	591	0	422.788
	592	0	422.678
	593	0	422.567
	594	0	422.457
	595	0	422.347
	596	0	422.236
	597	0	422.126
	598	0	422.016
	599	0	421.906
	600	0	421.796
	601	0	421.686
	602	0	421.576
	603	0	421.466
	604	0	421.356
	605	0	421.246
	606	0	421.137
	607	0	421.027
	608	0	420.917
	609	0	420.808
	610	0	420.698
	611	0	420.589
	612	0	420.48
	613	0	420.37
	614	0	420.261
	615	0	420.152
	616	0	420.043
	617	0	419.934
	618	0	419.825
	619	0	419.716
	620	0	419.607
	621	0	419.498
	622	0	419.389
	623	0	419.28
	624	0	419.172
	625	0	419.063
	626	0	418.955
	627	0	418.846
	628	0	418.738
	629	0	418.629
	630	0	418.521
	631	0	418.413
	632	0	418.304
	633	0	418.196
	634	0	418.088
	635	0	417.98
	636	0	417.872
	637	0	417.764
	638	0	417.656
	639	0	417.548
	640	0	417.44
	641	0	417.333
	642	0	417.225
	643	0	417.117
	644	0	417.01
	645	0	416.902
	646	0	416.795
	647	0	416.687
	648	0	416.58
	649	0	416.473
	650	0	416.366
	651	0	416.258
	652	0	416.151
	653	0	416.044
	654	0	415.937
	655	0	415.83
	656	0	415.723
	657	0	415.617
	658	0	415.51
	659	0	415.403
	660	0	415.296
	661	0	415.19
	662	0	415.083
	663	0	414.977
	664	0	414.87
	665	0	414.764
	666	0	414.657
	667	0	414.551
	668	0	414.445
	669	0	414.339
	670	0	414.233
	671	0	414.126
	672	0	414.02
	673	0	413.914
	674	0	413.809
	675	0	413.703
	676	0	413.597
	677	0	413.491
	678	0	413.385
	679	0	413.28
	680	0	413.174
	681	0	413.069
	682	0	412.963
	683	0	412.858
	684	0	412.752
	685	0	412.647
	686	0	412.542
	687	0	412.436
	688	0	412.331
	689	0	412.226
	690	0	412.121
	691	0	412.016
	692	0	411.911
	693	0	411.806
	694	0	411.701
	695	0	411.597
	696	0	411.492
	697	0	411.387
	698	0	411.283
	699	0	411.178
	700	0	411.073
	701	0	410.969
	702	0	410.865
	703	0	410.76
	704	0	410.656
	705	0	410.552
	706	0	410.447
	707	0	410.343
	708	0	410.239
	709	0	410.135
	710	0	410.031
	711	0	409.927
	712	0	409.823
	713	0	409.719
	714	0	409.616
	715	0	409.512
	716	0	409.408
	717	0	409.305
	718	0	409.201
	719	0	409.098
	720	0	408.994
	721	0	408.891
	722	0	408.787
	723	0	408.684
	724	0	408.581
	725	0	408.478
	726	0	408.374
	727	0	408.271
	728	0	408.168
	729	0	408.065
	730	0	407.962
	731	0	407.859
	732	0	407.757
	733	0	407.654
	734	0	407.551
	735	0	407.448
	736	0	407.346
	737	0	407.243
	738	0	407.141
	739	0	407.038
	740	0	406.936
	741	0	406.833
	742	0	406.731
	743	0	406.629
	744	0	406.526
	745	0	406.424
	746	0	406.322
	747	0	406.22
	748	0	406.118
	749	0	406.016
	750	0	405.914
	751	0	405.812
	752	0	405.711
	753	0	405.609
	754	0	405.507
	755	0	405.405
	756	0	405.304
	757	0	405.202
	758	0	405.101
	759	0	404.999
	760	0	404.898
	761	0	404.796
	762	0	404.695
	763	0	404.594
	764	0	404.493
	765	0	404.392
	766	0	404.29
	767	0	404.189
	768	0	404.088
	769	0	403.987
	770	0	403.887
	771	0	403.786
	772	0	403.685
	773	0	403.584
	774	0	403.483
	775	0	403.383
	776	0	403.282
	777	0	403.182
	778	0	403.081
	779	0	402.981
	780	0	402.88
	781	0	402.78
	782	0	402.68
	783	0	402.579
	784	0	402.479
	785	0	402.379
	786	0	402.279
	787	0	402.179
	788	0	402.079
	789	0	401.979
	790	0	401.879
	791	0	401.779
	792	0	401.679
	793	0	401.58
	794	0	401.48
	795	0	401.38
	796	0	401.281
	797	0	401.181
	798	0	401.082
	799	0	400.982
	800	0	400.883
	801	0	400.783
	802	0	400.684
	803	0	400.585
	804	0	400.486
	805	0	400.386
	806	0	400.287
	807	0	400.188
	808	0	400.089
	809	0	399.99
	810	0	399.891
	811	0	399.793
	812	0	399.694
	813	0	399.595
	814	0	399.496
	815	0	399.398
	816	0	399.299
	817	0	399.2
	818	0	399.102
	819	0	399.003
	820	0	398.905
	821	0	398.807
	822	0	398.708
	823	0	398.61
	824	0	398.512
	825	0	398.414
	826	0	398.315
	827	0	398.217
	828	0	398.119
	829	0	398.021
	830	0	397.923
	831	0	397.825
	832	0	397.728
	833	0	397.63
	834	0	397.532
	835	0	397.434
	836	0	397.337
	837	0	397.239
	838	0	397.142
	839	0	397.044
	840	0	396.947
	841	0	396.849
	842	0	396.752
	843	0	396.654
	844	0	396.557
	845	0	396.46
	846	0	396.363
	847	0	396.266
	848	0	396.169
	849	0	396.072
	850	0	395.975
	851	0	395.878
	852	0	395.781
	853	0	395.684
	854	0	395.587
	855	0	395.49
	856	0	395.394
	857	0	395.297
	858	0	395.2
	859	0	395.104
	860	0	395.007
	861	0	394.911
	862	0	394.814
	863	0	394.718
	864	0	394.622
	865	0	394.525
	866	0	394.429
	867	0	394.333
	868	0	394.237
	869	0	394.141
	870	0	394.045
	871	0	393.949
	872	0	393.853
	873	0	393.757
	874	0	393.661
	875	0	393.565
	876	0	393.47
	877	0	393.374
	878	0	393.278
	879	0	393.183
	880	0	393.087
	881	0	392.991
	882	0	392.896
	883	0	392.8
	884	0	392.705
	885	0	392.61
	886	0	392.514
	887	0	392.419
	888	0	392.324
	889	0	392.229
	890	0	392.134
	891	0	392.039
	892	0	391.944
	893	0	391.849
	894	0	391.754
	895	0	391.659
	896	0	391.564
	897	0	391.469
	898	0	391.374
	899	0	391.28
	900	0	391.185
	901	0	391.091
	902	0	390.996
	903	0	390.901
	904	0	390.807
	905	0	390.713
	906	0	390.618
	907	0	390.524
	908	0	390.43
	909	0	390.335
	910	0	390.241
	911	0	390.147
	912	0	390.053
	913	0	389.959
	914	0	389.865
	915	0	389.771
	916	0	389.677
	917	0	389.583
	918	0	389.489
	919	0	389.395
	920	0	389.302
	921	0	389.208
	922	0	389.114
	923	0	389.021
	924	0	388.927
	925	0	388.834
	926	0	388.74
	927	0	388.647
	928	0	388.553
	929	0	388.46
	930	0	388.367
	931	0	388.273
	932	0	388.18
	933	0	388.087
	934	0	387.994
	935	0	387.901
	936	0	387.808
	937	0	387.715
	938	0	387.622
	939	0	387.529
	940	0	387.436
	941	0	387.343
	942	0	387.251
	943	0	387.158
	944	0	387.065
	945	0	386.973
	946	0	386.88
	947	0	386.787
	948	0	386.695
	949	0	386.603
	950	0	386.51
	951	0	386.418
	952	0	386.325
	953	0	386.233
	954	0	386.141
	955	0	386.049
	956	0	385.957
	957	0	385.865
	958	0	385.772
	959	0	385.68
	960	0	385.589
	961	0	385.497
	962	0	385.405
	963	0	385.313
	964	0	385.221
	965	0	385.129
	966	0	385.038
	967	0	384.946
	968	0	384.854
	969	0	384.763
	970	0	384.671
	971	0	384.58
	972	0	384.488
	973	0	384.397
	974	0	384.306
	975	0	384.214
	976	0	384.123
	977	0	384.032
	978	0	383.941
	979	0	383.849
	980	0	383.758
	981	0	383.667
	982	0	383.576
	983	0	383.485
	984	0	383.394
	985	0	383.304
	986	0	383.213
	987	0	383.122
	988	0	383.031
	989	0	382.94
	990	0	382.85
	991	0	382.759
	992	0	382.669
	993	0	382.578
	994	0	382.488
	995	0	382.397
	996	0	382.307
	997	0	382.216
	998	0	382.126
	999	0	382.036
	1000	0	381.946
	1001	0	381.855
	1002	0	381.765
	1003	0	381.675
	1004	0	381.585
	1005	0	381.495
	1006	0	381.405
	1007	0	381.315
	1008	0	381.225
	1009	0	381.135
	1010	0	381.046
	1011	0	380.956
	1012	0	380.866
	1013	0	380.776
	1014	0	380.687
	1015	0	380.597
	1016	0	380.508
	1017	0	380.418
	1018	0	380.329
	1019	0	380.239
	1020	0	380.15
	1021	0	380.06
	1022	0	379.971
	1023	0	379.882
	1024	0	379.793
	1025	0	379.703
	1026	0	379.614
	1027	0	379.525
	1028	0	379.436
	1029	0	379.347
	1030	0	379.258
	1031	0	379.169
	1032	0	379.08
	1033	0	378.992
	1034	0	378.903
	1035	0	378.814
	1036	0	378.725
	1037	0	378.637
	1038	0	378.548
	1039	0	378.459
	1040	0	378.371
	1041	0	378.282
	1042	0	378.194
	1043	0	378.105
	1044	0	378.017
	1045	0	377.929
	1046	0	377.84
	1047	0	377.752
	1048	0	377.664
	1049	0	377.576
	1050	0	377.488
	1051	0	377.399
	1052	0	377.311
	1053	0	377.223
	1054	0	377.135
	1055	0	377.047
	1056	0	376.96
	1057	0	376.872
	1058	0	376.784
	1059	0	376.696
	1060	0	376.608
	1061	0	376.521
	1062	0	376.433
	1063	0	376.345
	1064	0	376.258
	1065	0	376.17
	1066	0	376.083
	1067	0	375.995
	1068	0	375.908
	1069	0	375.821
	1070	0	375.733
	1071	0	375.646
	1072	0	375.559
	1073	0	375.472
	1074	0	375.384
	1075	0	375.297
	1076	0	375.21
	1077	0	375.123
	1078	0	375.036
	1079	0	374.949
	1080	0	374.862
	1081	0	374.775
	1082	0	374.689
	1083	0	374.602
	1084	0	374.515
	1085	0	374.428
	1086	0	374.342
	1087	0	374.255
	1088	0	374.168
	1089	0	374.082
	1090	0	373.995
	1091	0	373.909
	1092	0	373.822
	1093	0	373.736
	1094	0	373.65
	1095	0	373.563
	1096	0	373.477
	1097	0	373.391
	1098	0	373.305
	1099	0	373.219
	1100	0	373.132
	1101	0	373.046
	1102	0	372.96
	1103	0	372.874
	1104	0	372.788
	1105	0	372.702
	1106	0	372.617
	1107	0	372.531
	1108	0	372.445
	1109	0	372.359
	1110	0	372.273
	1111	0	372.188
	1112	0	372.102
	1113	0	372.016
	1114	0	371.931
	1115	0	371.845
	1116	0	371.76
	1117	0	371.674
	1118	0	371.589
	1119	0	371.504
	1120	0	371.418
	1121	0	371.333
	1122	0	371.248
	1123	0	371.163
	1124	0	371.077
	1125	0	370.992
	1126	0	370.907
	1127	0	370.822
	1128	0	370.737
	1129	0	370.652
	1130	0	370.567
	1131	0	370.482
	1132	0	370.397
	1133	0	370.313
	1134	0	370.228
	1135	0	370.143
	1136	0	370.058
	1137	0	369.974
	1138	0	369.889
	1139	0	369.805
	1140	0	369.72
	1141	0	369.635
	1142	0	369.551
	1143	0	369.467
	1144	0	369.382
	1145	0	369.298
	1146	0	369.213
	1147	0	369.129
	1148	0	369.045
	1149	0	368.961
	1150	0	368.877
	1151	0	368.792
	1152	0	368.708
	1153	0	368.624
	1154	0	368.54
	1155	0	368.456
	1156	0	368.372
	1157	0	368.289
	1158	0	368.205
	1159	0	368.121
	1160	0	368.037
	1161	0	367.953
	1162	0	367.87
	1163	0	367.786
	1164	0	367.702
	1165	0	367.619
	1166	0	367.535
	1167	0	367.452
	1168	0	367.368
	1169	0	367.285
	1170	0	367.201
	1171	0	367.118
	1172	0	367.035
	1173	0	366.951
	1174	0	366.868
	1175	0	366.785
	1176	0	366.702
	1177	0	366.619
	1178	0	366.535
	1179	0	366.452
	1180	0	366.369
	1181	0	366.286
	1182	0	366.203
	1183	0	366.121
	1184	0	366.038
	1185	0	365.955
	1186	0	365.872
	1187	0	365.789
	1188	0	365.707
	1189	0	365.624
	1190	0	365.541
	1191	0	365.459
	1192	0	365.376
	1193	0	365.294
	1194	0	365.211
	1195	0	365.129
	1196	0	365.046
	1197	0	364.964
	1198	0	364.881
	1199	0	364.799
	1200	0	364.717
	1201	0	364.635
	1202	0	364.552
	1203	0	364.47
	1204	0	364.388
	1205	0	364.306
	1206	0	364.224
	1207	0	364.142
	1208	0	364.06
	1209	0	363.978
	1210	0	363.896
	1211	0	363.814
	1212	0	363.732
	1213	0	363.651
	1214	0	363.569
	1215	0	363.487
	1216	0	363.405
	1217	0	363.324
	1218	0	363.242
	1219	0	363.161
	1220	0	363.079
	1221	0	362.998
	1222	0	362.916
	1223	0	362.835
	1224	0	362.753
	1225	0	362.672
	1226	0	362.591
	1227	0	362.509
	1228	0	362.428
	1229	0	362.347
	1230	0	362.266
	1231	0	362.184
	1232	0	362.103
	1233	0	362.022
	1234	0	361.941
	1235	0	361.86
	1236	0	361.779
	1237	0	361.698
	1238	0	361.618
	1239	0	361.537
	1240	0	361.456
	1241	0	361.375
	1242	0	361.294
	1243	0	361.214
	1244	0	361.133
	1245	0	361.052
	1246	0	360.972
	1247	0	360.891
	1248	0	360.811
	1249	0	360.73
	1250	0	360.65
	1251	0	360.569
	1252	0	360.489
	1253	0	360.409
	1254	0	360.328
	1255	0	360.248
	1256	0	360.168
	1257	0	360.088
	1258	0	360.007
	1259	0	359.927
	1260	0	359.847
	1261	0	359.767
	1262	0	359.687
	1263	0	359.607
	1264	0	359.527
	1265	0	359.447
	1266	0	359.367
	1267	0	359.288
	1268	0	359.208
	1269	0	359.128
	1270	0	359.048
	1271	0	358.969
	1272	0	358.889
	1273	0	358.809
	1274	0	358.73
	1275	0	358.65
	1276	0	358.571
	1277	0	358.491
	1278	0	358.412
	1279	0	358.332
	1280	0	358.253
	1281	0	358.173
	1282	0	358.094
	1283	0	358.015
	1284	0	357.936
	1285	0	357.856
	1286	0	357.777
	1287	0	357.698
	1288	0	357.619
	1289	0	357.54
	1290	0	357.461
	1291	0	357.382
	1292	0	357.303
	1293	0	357.224
	1294	0	357.145
	1295	0	357.066
	1296	0	356.987
	1297	0	356.909
	1298	0	356.83
	1299	0	356.751
	1300	0	356.672
	1301	0	356.594
	1302	0	356.515
	1303	0	356.437
	1304	0	356.358
	1305	0	356.279
	1306	0	356.201
	1307	0	356.123
	1308	0	356.044
	1309	0	355.966
	1310	0	355.887
	1311	0	355.809
	1312	0	355.731
	1313	0	355.653
	1314	0	355.574
	1315	0	355.496
	1316	0	355.418
	1317	0	355.34
	1318	0	355.262
	1319	0	355.184
	1320	0	355.106
	1321	0	355.028
	1322	0	354.95
	1323	0	354.872
	1324	0	354.794
	1325	0	354.716
	1326	0	354.639
	1327	0	354.561
	1328	0	354.483
	1329	0	354.405
	1330	0	354.328
	1331	0	354.25
	1332	0	354.173
	1333	0	354.095
	1334	0	354.018
	1335	0	353.94
	1336	0	353.863
	1337	0	353.785
	1338	0	353.708
	1339	0	353.63
	1340	0	353.553
	1341	0	353.476
	1342	0	353.399
	1343	0	353.321
	1344	0	353.244
	1345	0	353.167
	1346	0	353.09
	1347	0	353.013
	1348	0	352.936
	1349	0	352.859
	1350	0	352.782
	1351	0	352.705
	1352	0	352.628
	1353	0	352.551
	1354	0	352.474
	1355	0	352.397
	1356	0	352.321
	1357	0	352.244
	1358	0	352.167
	1359	0	352.091
	1360	0	352.014
	1361	0	351.937
	1362	0	351.861
	1363	0	351.784
	1364	0	351.708
	1365	0	351.631
	1366	0	351.555
	1367	0	351.478
	1368	0	351.402
	1369	0	351.326
	1370	0	351.249
	1371	0	351.173
	1372	0	351.097
	1373	0	351.021
	1374	0	350.944
	1375	0	350.868
	1376	0	350.792
	1377	0	350.716
	1378	0	350.64
	1379	0	350.564
	1380	0	350.488
	1381	0	350.412
	1382	0	350.336
	1383	0	350.26
	1384	0	350.184
	1385	0	350.109
	1386	0	350.033
	1387	0	349.957
	1388	0	349.881
	1389	0	349.806
	1390	0	349.73
	1391	0	349.654
	1392	0	349.579
	1393	0	349.503
	1394	0	349.428
	1395	0	349.352
	1396	0	349.277
	1397	0	349.201
	1398	0	349.126
	1399	0	349.051
	1400	0	348.975
	1401	0	348.9
	1402	0	348.825
	1403	0	348.749
	1404	0	348.674
	1405	0	348.599
	1406	0	348.524
	1407	0	348.449
	1408	0	348.374
	1409	0	348.299
	1410	0	348.224
	1411	0	348.149
	1412	0	348.074
	1413	0	347.999
	1414	0	347.924
	1415	0	347.849
	1416	0	347.774
	1417	0	347.7
	1418	0	347.625
	1419	0	347.55
	1420	0	347.475
	1421	0	347.401
	1422	0	347.326
	1423	0	347.252
	1424	0	347.177
	1425	0	347.103
	1426	0	347.028
	1427	0	346.954
	1428	0	346.879
	1429	0	346.805
	1430	0	346.73
	1431	0	346.656
	1432	0	346.582
	1433	0	346.508
	1434	0	346.433
	1435	0	346.359
	1436	0	346.285
	1437	0	346.211
	1438	0	346.137
	1439	0	346.063
	1440	0	345.989
	1441	0	345.915
	1442	0	345.841
	1443	0	345.767
	1444	0	345.693
	1445	0	345.619
	1446	0	345.545
	1447	0	345.471
	1448	0	345.397
	1449	0	345.324
	1450	0	345.25
	1451	0	345.176
	1452	0	345.103
	1453	0	345.029
	1454	0	344.955
	1455	0	344.882
	1456	0	344.808
	1457	0	344.735
	1458	0	344.661
	1459	0	344.588
	1460	0	344.514
	1461	0	344.441
	1462	0	344.368
	1463	0	344.294
	1464	0	344.221
	1465	0	344.148
	1466	0	344.075
	1467	0	344.001
	1468	0	343.928
	1469	0	343.855
	1470	0	343.782
	1471	0	343.709
	1472	0	343.636
	1473	0	343.563
	1474	0	343.49
	1475	0	343.417
	1476	0	343.344
	1477	0	343.271
	1478	0	343.198
	1479	0	343.125
	1480	0	343.053
	1481	0	342.98
	1482	0	342.907
	1483	0	342.834
	1484	0	342.762
	1485	0	342.689
	1486	0	342.617
	1487	0	342.544
	1488	0	342.471
	1489	0	342.399
	1490	0	342.326
	1491	0	342.254
	1492	0	342.182
	1493	0	342.109
	1494	0	342.037
	1495	0	341.964
	1496	0	341.892
	1497	0	341.82
	1498	0	341.748
	1499	0	341.675
	1500	0	341.603
	1501	0	341.531
	1502	0	341.459
	1503	0	341.387
	1504	0	341.315
	1505	0	341.243
	1506	0	341.171
	1507	0	341.099
	1508	0	341.027
	1509	0	340.955
	1510	0	340.883
	1511	0	340.811
	1512	0	340.739
	1513	0	340.668
	1514	0	340.596
	1515	0	340.524
	1516	0	340.453
	1517	0	340.381
	1518	0	340.309
	1519	0	340.238
	1520	0	340.166
	1521	0	340.095
	1522	0	340.023
	1523	0	339.952
	1524	0	339.88
	1525	0	339.809
	1526	0	339.737
	1527	0	339.666
	1528	0	339.595
	1529	0	339.523
	1530	0	339.452
	1531	0	339.381
	1532	0	339.31
	1533	0	339.238
	1534	0	339.167
	1535	0	339.096
	1536	0	339.025
	1537	0	338.954
	1538	0	338.883
	1539	0	338.812
	1540	0	338.741
	1541	0	338.67
	1542	0	338.599
	1543	0	338.528
	1544	0	338.457
	1545	0	338.387
	1546	0	338.316
	1547	0	338.245
	1548	0	338.174
	1549	0	338.104
	1550	0	338.033
	1551	0	337.962
	1552	0	337.892
	1553	0	337.821
	1554	0	337.75
	1555	0	337.68
	1556	0	337.609
	1557	0	337.539
	1558	0	337.468
	1559	0	337.398
	1560	0	337.328
	1561	0	337.257
	1562	0	337.187
	1563	0	337.117
	1564	0	337.046
	1565	0	336.976
	1566	0	336.906
	1567	0	336.836
	1568	0	336.766
	1569	0	336.696
	1570	0	336.625
	1571	0	336.555
	1572	0	336.485
	1573	0	336.415
	1574	0	336.345
	1575	0	336.275
	1576	0	336.206
	1577	0	336.136
	1578	0	336.066
	1579	0	335.996
	1580	0	335.926
	1581	0	335.856
	1582	0	335.787
	1583	0	335.717
	1584	0	335.647
	1585	0	335.578
	1586	0	335.508
	1587	0	335.438
	1588	0	335.369
	1589	0	335.299
	1590	0	335.23
	1591	0	335.16
	1592	0	335.091
	1593	0	335.021
	1594	0	334.952
	1595	0	334.883
	1596	0	334.813
	1597	0	334.744
	1598	0	334.675
	1599	0	334.606
	1600	0	334.536
	1601	0	334.467
	1602	0	334.398
	1603	0	334.329
	1604	0	334.26
	1605	0	334.191
	1606	0	334.122
	1607	0	334.053
	1608	0	333.984
	1609	0	333.915
	1610	0	333.846
	1611	0	333.777
	1612	0	333.708
	1613	0	333.639
	1614	0	333.57
	1615	0	333.501
	1616	0	333.433
	1617	0	333.364
	1618	0	333.295
	1619	0	333.226
	1620	0	333.158
	1621	0	333.089
	1622	0	333.021
	1623	0	332.952
	1624	0	332.884
	1625	0	332.815
	1626	0	332.747
	1627	0	332.678
	1628	0	332.61
	1629	0	332.541
	1630	0	332.473
	1631	0	332.405
	1632	0	332.336
	1633	0	332.268
	1634	0	332.2
	1635	0	332.131
	1636	0	332.063
	1637	0	331.995
	1638	0	331.927
	1639	0	331.859
	1640	0	331.791
	1641	0	331.723
	1642	0	331.655
	1643	0	331.587
	1644	0	331.519
	1645	0	331.451
	1646	0	331.383
	1647	0	331.315
	1648	0	331.247
	1649	0	331.179
	1650	0	331.111
	1651	0	331.044
	1652	0	330.976
	1653	0	330.908
	1654	0	330.84
	1655	0	330.773
	1656	0	330.705
	1657	0	330.637
	1658	0	330.57
	1659	0	330.502
	1660	0	330.435
	1661	0	330.367
	1662	0	330.3
	1663	0	330.232
	1664	0	330.165
	1665	0	330.097
	1666	0	330.03
	1667	0	329.963
	1668	0	329.895
	1669	0	329.828
	1670	0	329.761
	1671	0	329.694
	1672	0	329.626
	1673	0	329.559
	1674	0	329.492
	1675	0	329.425
	1676	0	329.358
	1677	0	329.291
	1678	0	329.224
	1679	0	329.157
	1680	0	329.09
	1681	0	329.023
	1682	0	328.956
	1683	0	328.889
	1684	0	328.822
	1685	0	328.755
	1686	0	328.688
	1687	0	328.622
	1688	0	328.555
	1689	0	328.488
	1690	0	328.421
	1691	0	328.355
	1692	0	328.288
	1693	0	328.221
	1694	0	328.155
	1695	0	328.088
	1696	0	328.022
	1697	0	327.955
	1698	0	327.889
	1699	0	327.822
	1700	0	327.756
	1701	0	327.689
	1702	0	327.623
	1703	0	327.557
	1704	0	327.49
	1705	0	327.424
	1706	0	327.358
	1707	0	327.291
	1708	0	327.225
	1709	0	327.159
	1710	0	327.093
	1711	0	327.027
	1712	0	326.961
	1713	0	326.894
	1714	0	326.828
	1715	0	326.762
	1716	0	326.696
	1717	0	326.63
	1718	0	326.564
	1719	0	326.498
	1720	0	326.433
	1721	0	326.367
	1722	0	326.301
	1723	0	326.235
	1724	0	326.169
	1725	0	326.103
	1726	0	326.038
	1727	0	325.972
	1728	0	325.906
	1729	0	325.841
	1730	0	325.775
	1731	0	325.709
	1732	0	325.644
	1733	0	325.578
	1734	0	325.513
	1735	0	325.447
	1736	0	325.382
	1737	0	325.316
	1738	0	325.251
	1739	0	325.185
	1740	0	325.12
	1741	0	325.055
	1742	0	324.989
	1743	0	324.924
	1744	0	324.859
	1745	0	324.793
	1746	0	324.728
	1747	0	324.663
	1748	0	324.598
	1749	0	324.533
	1750	0	324.468
	1751	0	324.403
	1752	0	324.337
	1753	0	324.272
	1754	0	324.207
	1755	0	324.142
	1756	0	324.077
	1757	0	324.013
	1758	0	323.948
	1759	0	323.883
	1760	0	323.818
	1761	0	323.753
	1762	0	323.688
	1763	0	323.623
	1764	0	323.559
	1765	0	323.494
	1766	0	323.429
	1767	0	323.365
	1768	0	323.3
	1769	0	323.235
	1770	0	323.171
	1771	0	323.106
	1772	0	323.042
	1773	0	322.977
	1774	0	322.913
	1775	0	322.848
	1776	0	322.784
	1777	0	322.719
	1778	0	322.655
	1779	0	322.59
	1780	0	322.526
	1781	0	322.462
	1782	0	322.398
	1783	0	322.333
	1784	0	322.269
	1785	0	322.205
	1786	0	322.141
	1787	0	322.076
	1788	0	322.012
	1789	0	321.948
	1790	0	321.884
	1791	0	321.82
	1792	0	321.756
	1793	0	321.692
	1794	0	321.628
	1795	0	321.564
	1796	0	321.5
	1797	0	321.436
	1798	0	321.372
	1799	0	321.309
	1800	0	321.245
	1801	0	321.181
	1802	0	321.117
	1803	0	321.053
	1804	0	320.99
	1805	0	320.926
	1806	0	320.862
	1807	0	320.799
	1808	0	320.735
	1809	0	320.671
	1810	0	320.608
	1811	0	320.544
	1812	0	320.481
	1813	0	320.417
	1814	0	320.354
	1815	0	320.29
	1816	0	320.227
	1817	0	320.163
	1818	0	320.1
	1819	0	320.037
	1820	0	319.973
	1821	0	319.91
	1822	0	319.847
	1823	0	319.784
	1824	0	319.72
	1825	0	319.657
	1826	0	319.594
	1827	0	319.531
	1828	0	319.468
	1829	0	319.405
	1830	0	319.342
	1831	0	319.278
	1832	0	319.215
	1833	0	319.152
	1834	0	319.089
	1835	0	319.027
	1836	0	318.964
	1837	0	318.901
	1838	0	318.838
	1839	0	318.775
	1840	0	318.712
	1841	0	318.649
	1842	0	318.587
	1843	0	318.524
	1844	0	318.461
	1845	0	318.398
	1846	0	318.336
	1847	0	318.273
	1848	0	318.21
	1849	0	318.148
	1850	0	318.085
	1851	0	318.023
	1852	0	317.96
	1853	0	317.898
	1854	0	317.835
	1855	0	317.773
	1856	0	317.71
	1857	0	317.648
	1858	0	317.585
	1859	0	317.523
	1860	0	317.461
	1861	0	317.398
	1862	0	317.336
	1863	0	317.274
	1864	0	317.212
	1865	0	317.149
	1866	0	317.087
	1867	0	317.025
	1868	0	316.963
	1869	0	316.901
	1870	0	316.839
	1871	0	316.777
	1872	0	316.715
	1873	0	316.653
	1874	0	316.591
	1875	0	316.529
	1876	0	316.467
	1877	0	316.405
	1878	0	316.343
	1879	0	316.281
	1880	0	316.219
	1881	0	316.157
	1882	0	316.096
	1883	0	316.034
	1884	0	315.972
	1885	0	315.91
	1886	0	315.849
	1887	0	315.787
	1888	0	315.725
	1889	0	315.664
	1890	0	315.602
	1891	0	315.54
	1892	0	315.479
	1893	0	315.417
	1894	0	315.356
	1895	0	315.294
	1896	0	315.233
	1897	0	315.171
	1898	0	315.11
	1899	0	315.049
	1900	0	314.987
	1901	0	314.926
	1902	0	314.865
	1903	0	314.803
	1904	0	314.742
	1905	0	314.681
	1906	0	314.62
	1907	0	314.558
	1908	0	314.497
	1909	0	314.436
	1910	0	314.375
	1911	0	314.314
	1912	0	314.253
	1913	0	314.192
	1914	0	314.131
	1915	0	314.07
	1916	0	314.009
	1917	0	313.948
	1918	0	313.887
	1919	0	313.826
	1920	0	313.765
	1921	0	313.704
	1922	0	313.643
	1923	0	313.582
	1924	0	313.522
	1925	0	313.461
	1926	0	313.4
	1927	0	313.339
	1928	0	313.279
	1929	0	313.218
	1930	0	313.157
	1931	0	313.097
	1932	0	313.036
	1933	0	312.975
	1934	0	312.915
	1935	0	312.854
	1936	0	312.794
	1937	0	312.733
	1938	0	312.673
	1939	0	312.612
	1940	0	312.552
	1941	0	312.492
	1942	0	312.431
	1943	0	312.371
	1944	0	312.311
	1945	0	312.25
	1946	0	312.19
	1947	0	312.13
	1948	0	312.069
	1949	0	312.009
	1950	0	311.949
	1951	0	311.889
	1952	0	311.829
	1953	0	311.769
	1954	0	311.709
	1955	0	311.648
	1956	0	311.588
	1957	0	311.528
	1958	0	311.468
	1959	0	311.408
	1960	0	311.348
	1961	0	311.289
	1962	0	311.229
	1963	0	311.169
	1964	0	311.109
	1965	0	311.049
	1966	0	310.989
	1967	0	310.929
	1968	0	310.87
	1969	0	310.81
	1970	0	310.75
	1971	0	310.69
	1972	0	310.631
	1973	0	310.571
	1974	0	310.511
	1975	0	310.452
	1976	0	310.392
	1977	0	310.333
	1978	0	310.273
	1979	0	310.214
	1980	0	310.154
	1981	0	310.095
	1982	0	310.035
	1983	0	309.976
	1984	0	309.916
	1985	0	309.857
	1986	0	309.798
	1987	0	309.738
	1988	0	309.679
	1989	0	309.62
	1990	0	309.56
	1991	0	309.501
	1992	0	309.442
	1993	0	309.383
	1994	0	309.324
	1995	0	309.264
	1996	0	309.205
	1997	0	309.146
	1998	0	309.087
	1999	0	309.028
	2000	0	308.969
	2001	0	308.91
	2002	0	308.851
	2003	0	308.792
	2004	0	308.733
	2005	0	308.674
	2006	0	308.615
	2007	0	308.556
	2008	0	308.497
	2009	0	308.439
	2010	0	308.38
	2011	0	308.321
	2012	0	308.262
	2013	0	308.203
	2014	0	308.145
	2015	0	308.086
	2016	0	308.027
	2017	0	307.969
	2018	0	307.91
	2019	0	307.851
	2020	0	307.793
	2021	0	307.734
	2022	0	307.676
	2023	0	307.617
	2024	0	307.559
	2025	0	307.5
	2026	0	307.442
	2027	0	307.383
	2028	0	307.325
	2029	0	307.266
	2030	0	307.208
	2031	0	307.15
	2032	0	307.091
	2033	0	307.033
	2034	0	306.975
	2035	0	306.917
	2036	0	306.858
	2037	0	306.8
	2038	0	306.742
	2039	0	306.684
	2040	0	306.626
	2041	0	306.567
	2042	0	306.509
	2043	0	306.451
	2044	0	306.393
	2045	0	306.335
	2046	0	306.277
	2047	0	306.219
	2048	0	306.161
	2049	0	306.103
	2050	0	306.045
	2051	0	305.987
	2052	0	305.929
	2053	0	305.872
	2054	0	305.814
	2055	0	305.756
	2056	0	305.698
	2057	0	305.64
	2058	0	305.583
	2059	0	305.525
	2060	0	305.467
	2061	0	305.409
	2062	0	305.352
	2063	0	305.294
	2064	0	305.236
	2065	0	305.179
	2066	0	305.121
	2067	0	305.064
	2068	0	305.006
	2069	0	304.949
	2070	0	304.891
	2071	0	304.834
	2072	0	304.776
	2073	0	304.719
	2074	0	304.661
	2075	0	304.604
	2076	0	304.547
	2077	0	304.489
	2078	0	304.432
	2079	0	304.375
	2080	0	304.317
	2081	0	304.26
	2082	0	304.203
	2083	0	304.146
	2084	0	304.088
	2085	0	304.031
	2086	0	303.974
	2087	0	303.917
	2088	0	303.86
	2089	0	303.803
	2090	0	303.746
	2091	0	303.689
	2092	0	303.632
	2093	0	303.575
	2094	0	303.518
	2095	0	303.461
	2096	0	303.404
	2097	0	303.347
	2098	0	303.29
	2099	0	303.233
	2100	0	303.176
	2101	0	303.119
	2102	0	303.063
	2103	0	303.006
	2104	0	302.949
	2105	0	302.892
	2106	0	302.836
	2107	0	302.779
	2108	0	302.722
	2109	0	302.666
	2110	0	302.609
	2111	0	302.552
	2112	0	302.496
	2113	0	302.439
	2114	0	302.383
	2115	0	302.326
	2116	0	302.27
	2117	0	302.213
	2118	0	302.157
	2119	0	302.1
	2120	0	302.044
	2121	0	301.987
	2122	0	301.931
	2123	0	301.875
	2124	0	301.818
	2125	0	301.762
	2126	0	301.706
	2127	0	301.649
	2128	0	301.593
	2129	0	301.537
	2130	0	301.481
	2131	0	301.424
	2132	0	301.368
	2133	0	301.312
	2134	0	301.256
	2135	0	301.2
	2136	0	301.144
	2137	0	301.088
	2138	0	301.032
	2139	0	300.976
	2140	0	300.92
	2141	0	300.864
	2142	0	300.808
	2143	0	300.752
	2144	0	300.696
	2145	0	300.64
	2146	0	300.584
	2147	0	300.528
	2148	0	300.472
	2149	0	300.416
	2150	0	300.361
	2151	0	300.305
	2152	0	300.249
	2153	0	300.193
	2154	0	300.138
	2155	0	300.082
	2156	0	300.026
	2157	0	299.971
	2158	0	299.915
	2159	0	299.859
	2160	0	299.804
	2161	0	299.748
	2162	0	299.693
	2163	0	299.637
	2164	0	299.582
	2165	0	299.526
	2166	0	299.471
	2167	0	299.415
	2168	0	299.36
	2169	0	299.304
	2170	0	299.249
	2171	0	299.194
	2172	0	299.138
	2173	0	299.083
	2174	0	299.028
	2175	0	298.972
	2176	0	298.917
	2177	0	298.862
	2178	0	298.807
	2179	0	298.751
	2180	0	298.696
	2181	0	298.641
	2182	0	298.586
	2183	0	298.531
	2184	0	298.476
	2185	0	298.421
	2186	0	298.366
	2187	0	298.311
	2188	0	298.256
	2189	0	298.201
	2190	0	298.146
	2191	0	298.091
	2192	0	298.036
	2193	0	297.981
	2194	0	297.926
	2195	0	297.871
	2196	0	297.816
	2197	0	297.761
	2198	0	297.706
	2199	0	297.652
	2200	0	297.597
	2201	0	297.542
	2202	0	297.487
	2203	0	297.433
	2204	0	297.378
	2205	0	297.323
	2206	0	297.269
	2207	0	297.214
	2208	0	297.159
	2209	0	297.105
	2210	0	297.05
	2211	0	296.996
	2212	0	296.941
	2213	0	296.887
	2214	0	296.832
	2215	0	296.778
	2216	0	296.723
	2217	0	296.669
	2218	0	296.614
	2219	0	296.56
	2220	0	296.506
	2221	0	296.451
	2222	0	296.397
	2223	0	296.343
	2224	0	296.288
	2225	0	296.234
	2226	0	296.18
	2227	0	296.125
	2228	0	296.071
	2229	0	296.017
	2230	0	295.963
	2231	0	295.909
	2232	0	295.855
	2233	0	295.8
	2234	0	295.746
	2235	0	295.692
	2236	0	295.638
	2237	0	295.584
	2238	0	295.53
	2239	0	295.476
	2240	0	295.422
	2241	0	295.368
	2242	0	295.314
	2243	0	295.26
	2244	0	295.206
	2245	0	295.153
	2246	0	295.099
	2247	0	295.045
	2248	0	294.991
	2249	0	294.937
	2250	0	294.883
	2251	0	294.83
	2252	0	294.776
	2253	0	294.722
	2254	0	294.669
	2255	0	294.615
	2256	0	294.561
	2257	0	294.508
	2258	0	294.454
	2259	0	294.4
	2260	0	294.347
	2261	0	294.293
	2262	0	294.24
	2263	0	294.186
	2264	0	294.133
	2265	0	294.079
	2266	0	294.026
	2267	0	293.972
	2268	0	293.919
	2269	0	293.865
	2270	0	293.812
	2271	0	293.759
	2272	0	293.705
	2273	0	293.652
	2274	0	293.599
	2275	0	293.545
	2276	0	293.492
	2277	0	293.439
	2278	0	293.385
	2279	0	293.332
	2280	0	293.279
	2281	0	293.226
	2282	0	293.173
	2283	0	293.12
	2284	0	293.066
	2285	0	293.013
	2286	0	292.96
	2287	0	292.907
	2288	0	292.854
	2289	0	292.801
	2290	0	292.748
	2291	0	292.695
	2292	0	292.642
	2293	0	292.589
	2294	0	292.536
	2295	0	292.483
	2296	0	292.43
	2297	0	292.378
	2298	0	292.325
	2299	0	292.272
	2300	0	292.219
	2301	0	292.166
	2302	0	292.113
	2303	0	292.061
	2304	0	292.008
	2305	0	291.955
	2306	0	291.903
	2307	0	291.85
	2308	0	291.797
	2309	0	291.745
	2310	0	291.692
	2311	0	291.639
	2312	0	291.587
	2313	0	291.534
	2314	0	291.482
	2315	0	291.429
	2316	0	291.377
	2317	0	291.324
	2318	0	291.272
	2319	0	291.219
	2320	0	291.167
	2321	0	291.114
	2322	0	291.062
	2323	0	291.01
	2324	0	290.957
	2325	0	290.905
	2326	0	290.853
	2327	0	290.8
	2328	0	290.748
	2329	0	290.696
	2330	0	290.643
	2331	0	290.591
	2332	0	290.539
	2333	0	290.487
	2334	0	290.435
	2335	0	290.382
	2336	0	290.33
	2337	0	290.278
	2338	0	290.226
	2339	0	290.174
	2340	0	290.122
	2341	0	290.07
	2342	0	290.018
	2343	0	289.966
	2344	0	289.914
	2345	0	289.862
	2346	0	289.81
	2347	0	289.758
	2348	0	289.706
	2349	0	289.654
	2350	0	289.602
	2351	0	289.551
	2352	0	289.499
	2353	0	289.447
	2354	0	289.395
	2355	0	289.343
	2356	0	289.292
	2357	0	289.24
	2358	0	289.188
	2359	0	289.136
	2360	0	289.085
	2361	0	289.033
	2362	0	288.981
	2363	0	288.93
	2364	0	288.878
	2365	0	288.827
	2366	0	288.775
	2367	0	288.723
	2368	0	288.672
	2369	0	288.62
	2370	0	288.569
	2371	0	288.517
	2372	0	288.466
	2373	0	288.414
	2374	0	288.363
	2375	0	288.312
	2376	0	288.26
	2377	0	288.209
	2378	0	288.157
	2379	0	288.106
	2380	0	288.055
	2381	0	288.003
	2382	0	287.952
	2383	0	287.901
	2384	0	287.85
	2385	0	287.798
	2386	0	287.747
	2387	0	287.696
	2388	0	287.645
	2389	0	287.594
	2390	0	287.543
	2391	0	287.491
	2392	0	287.44
	2393	0	287.389
	2394	0	287.338
	2395	0	287.287
	2396	0	287.236
	2397	0	287.185
	2398	0	287.134
	2399	0	287.083
	2400	0	287.032
	2401	0	286.981
	2402	0	286.93
	2403	0	286.879
	2404	0	286.829
	2405	0	286.778
	2406	0	286.727
	2407	0	286.676
	2408	0	286.625
	2409	0	286.574
	2410	0	286.524
	2411	0	286.473
	2412	0	286.422
	2413	0	286.371
	2414	0	286.321
	2415	0	286.27
	2416	0	286.219
	2417	0	286.169
	2418	0	286.118
	2419	0	286.067
	2420	0	286.017
	2421	0	285.966
	2422	0	285.916
	2423	0	285.865
	2424	0	285.815
	2425	0	285.764
	2426	0	285.714
	2427	0	285.663
	2428	0	285.613
	2429	0	285.562
	2430	0	285.512
	2431	0	285.461
	2432	0	285.411
	2433	0	285.361
	2434	0	285.31
	2435	0	285.26
	2436	0	285.21
	2437	0	285.159
	2438	0	285.109
	2439	0	285.059
	2440	0	285.009
	2441	0	284.958
	2442	0	284.908
	2443	0	284.858
	2444	0	284.808
	2445	0	284.758
	2446	0	284.708
	2447	0	284.657
	2448	0	284.607
	2449	0	284.557
	2450	0	284.507
	2451	0	284.457
	2452	0	284.407
	2453	0	284.357
	2454	0	284.307
	2455	0	284.257
	2456	0	284.207
	2457	0	284.157
	2458	0	284.107
	2459	0	284.057
	2460	0	284.008
	2461	0	283.958
	2462	0	283.908
	2463	0	283.858
	2464	0	283.808
	2465	0	283.758
	2466	0	283.709
	2467	0	283.659
	2468	0	283.609
	2469	0	283.559
	2470	0	283.51
	2471	0	283.46
	2472	0	283.41
	2473	0	283.361
	2474	0	283.311
	2475	0	283.261
	2476	0	283.212
	2477	0	283.162
	2478	0	283.112
	2479	0	283.063
	2480	0	283.013
	2481	0	282.964
	2482	0	282.914
	2483	0	282.865
	2484	0	282.815
	2485	0	282.766
	2486	0	282.717
	2487	0	282.667
	2488	0	282.618
	2489	0	282.568
	2490	0	282.519
	2491	0	282.47
	2492	0	282.42
	2493	0	282.371
	2494	0	282.322
	2495	0	282.272
	2496	0	282.223
	2497	0	282.174
	2498	0	282.125
	2499	0	282.075
	2500	0	282.026
	2501	0	281.977
	2502	0	281.928
	2503	0	281.879
	2504	0	281.83
	2505	0	281.781
	2506	0	281.731
	2507	0	281.682
	2508	0	281.633
	2509	0	281.584
	2510	0	281.535
	2511	0	281.486
	2512	0	281.437
	2513	0	281.388
	2514	0	281.339
	2515	0	281.29
	2516	0	281.241
	2517	0	281.193
	2518	0	281.144
	2519	0	281.095
	2520	0	281.046
	2521	0	280.997
	2522	0	280.948
	2523	0	280.899
	2524	0	280.851
	2525	0	280.802
	2526	0	280.753
	2527	0	280.704
	2528	0	280.656
	2529	0	280.607
	2530	0	280.558
	2531	0	280.51
	2532	0	280.461
	2533	0	280.412
	2534	0	280.364
	2535	0	280.315
	2536	0	280.267
	2537	0	280.218
	2538	0	280.169
	2539	0	280.121
	2540	0	280.072
	2541	0	280.024
	2542	0	279.975
	2543	0	279.927
	2544	0	279.878
	2545	0	279.83
	2546	0	279.782
	2547	0	279.733
	2548	0	279.685
	2549	0	279.637
	2550	0	279.588
	2551	0	279.54
	2552	0	279.492
	2553	0	279.443
	2554	0	279.395
	2555	0	279.347
	2556	0	279.298
	2557	0	279.25
	2558	0	279.202
	2559	0	279.154
	2560	0	279.106
	2561	0	279.057
	2562	0	279.009
	2563	0	278.961
	2564	0	278.913
	2565	0	278.865
	2566	0	278.817
	2567	0	278.769
	2568	0	278.721
	2569	0	278.673
	2570	0	278.625
	2571	0	278.577
	2572	0	278.529
	2573	0	278.481
	2574	0	278.433
	2575	0	278.385
	2576	0	278.337
	2577	0	278.289
	2578	0	278.241
	2579	0	278.193
	2580	0	278.145
	2581	0	278.098
	2582	0	278.05
	2583	0	278.002
	2584	0	277.954
	2585	0	277.906
	2586	0	277.859
	2587	0	277.811
	2588	0	277.763
	2589	0	277.716
	2590	0	277.668
	2591	0	277.62
	2592	0	277.573
	2593	0	277.525
	2594	0	277.477
	2595	0	277.43
	2596	0	277.382
	2597	0	277.335
	2598	0	277.287
	2599	0	277.239
	2600	0	277.192
	2601	0	277.144
	2602	0	277.097
	2603	0	277.049
	2604	0	277.002
	2605	0	276.955
	2606	0	276.907
	2607	0	276.86
	2608	0	276.812
	2609	0	276.765
	2610	0	276.718
	2611	0	276.67
	2612	0	276.623
	2613	0	276.576
	2614	0	276.528
	2615	0	276.481
	2616	0	276.434
	2617	0	276.386
	2618	0	276.339
	2619	0	276.292
	2620	0	276.245
	2621	0	276.198
	2622	0	276.15
	2623	0	276.103
	2624	0	276.056
	2625	0	276.009
	2626	0	275.962
	2627	0	275.915
	2628	0	275.868
	2629	0	275.821
	2630	0	275.774
	2631	0	275.727
	2632	0	275.68
	2633	0	275.633
	2634	0	275.586
	2635	0	275.539
	2636	0	275.492
	2637	0	275.445
	2638	0	275.398
	2639	0	275.351
	2640	0	275.304
	2641	0	275.257
	2642	0	275.211
	2643	0	275.164
	2644	0	275.117
	2645	0	275.07
	2646	0	275.023
	2647	0	274.977
	2648	0	274.93
	2649	0	274.883
	2650	0	274.836
	2651	0	274.79
	2652	0	274.743
	2653	0	274.696
	2654	0	274.65
	2655	0	274.603
	2656	0	274.556
	2657	0	274.51
	2658	0	274.463
	2659	0	274.417
	2660	0	274.37
	2661	0	274.323
	2662	0	274.277
	2663	0	274.23
	2664	0	274.184
	2665	0	274.137
	2666	0	274.091
	2667	0	274.045
	2668	0	273.998
	2669	0	273.952
	2670	0	273.905
	2671	0	273.859
	2672	0	273.813
	2673	0	273.766
	2674	0	273.72
	2675	0	273.674
	2676	0	273.627
	2677	0	273.581
	2678	0	273.535
	2679	0	273.488
	2680	0	273.442
	2681	0	273.396
	2682	0	273.35
	2683	0	273.303
	2684	0	273.257
	2685	0	273.211
	2686	0	273.165
	2687	0	273.119
	2688	0	273.073
	2689	0	273.027
	2690	0	272.981
	2691	0	272.934
	2692	0	272.888
	2693	0	272.842
	2694	0	272.796
	2695	0	272.75
	2696	0	272.704
	2697	0	272.658
	2698	0	272.612
	2699	0	272.566
	2700	0	272.52
	2701	0	272.475
	2702	0	272.429
	2703	0	272.383
	2704	0	272.337
	2705	0	272.291
	2706	0	272.245
	2707	0	272.199
	2708	0	272.154
	2709	0	272.108
	2710	0	272.062
	2711	0	272.016
	2712	0	271.97
	2713	0	271.925
	2714	0	271.879
	2715	0	271.833
	2716	0	271.788
	2717	0	271.742
	2718	0	271.696
	2719	0	271.651
	2720	0	271.605
	2721	0	271.559
	2722	0	271.514
	2723	0	271.468
	2724	0	271.423
	2725	0	271.377
	2726	0	271.332
	2727	0	271.286
	2728	0	271.241
	2729	0	271.195
	2730	0	271.15
	2731	0	271.104
	2732	0	271.059
	2733	0	271.013
	2734	0	270.968
	2735	0	270.922
	2736	0	270.877
	2737	0	270.832
	2738	0	270.786
	2739	0	270.741
	2740	0	270.696
	2741	0	270.65
	2742	0	270.605
	2743	0	270.56
	2744	0	270.515
	2745	0	270.469
	2746	0	270.424
	2747	0	270.379
	2748	0	270.334
	2749	0	270.289
	2750	0	270.243
	2751	0	270.198
	2752	0	270.153
	2753	0	270.108
	2754	0	270.063
	2755	0	270.018
	2756	0	269.973
	2757	0	269.928
	2758	0	269.883
	2759	0	269.837
	2760	0	269.792
	2761	0	269.747
	2762	0	269.702
	2763	0	269.657
	2764	0	269.613
	2765	0	269.568
	2766	0	269.523
	2767	0	269.478
	2768	0	269.433
	2769	0	269.388
	2770	0	269.343
	2771	0	269.298
	2772	0	269.253
	2773	0	269.209
	2774	0	269.164
	2775	0	269.119
	2776	0	269.074
	2777	0	269.029
	2778	0	268.985
	2779	0	268.94
	2780	0	268.895
	2781	0	268.851
	2782	0	268.806
	2783	0	268.761
	2784	0	268.716
	2785	0	268.672
	2786	0	268.627
	2787	0	268.583
	2788	0	268.538
	2789	0	268.493
	2790	0	268.449
	2791	0	268.404
	2792	0	268.36
	2793	0	268.315
	2794	0	268.271
	2795	0	268.226
	2796	0	268.182
	2797	0	268.137
	2798	0	268.093
	2799	0	268.048
	2800	0	268.004
	2801	0	267.96
	2802	0	267.915
	2803	0	267.871
	2804	0	267.826
	2805	0	267.782
	2806	0	267.738
	2807	0	267.693
	2808	0	267.649
	2809	0	267.605
	2810	0	267.56
	2811	0	267.516
	2812	0	267.472
	2813	0	267.428
	2814	0	267.384
	2815	0	267.339
	2816	0	267.295
	2817	0	267.251
	2818	0	267.207
	2819	0	267.163
	2820	0	267.119
	2821	0	267.074
	2822	0	267.03
	2823	0	266.986
	2824	0	266.942
	2825	0	266.898
	2826	0	266.854
	2827	0	266.81
	2828	0	266.766
	2829	0	266.722
	2830	0	266.678
	2831	0	266.634
	2832	0	266.59
	2833	0	266.546
	2834	0	266.502
	2835	0	266.458
	2836	0	266.414
	2837	0	266.371
	2838	0	266.327
	2839	0	266.283
	2840	0	266.239
	2841	0	266.195
	2842	0	266.151
	2843	0	266.108
	2844	0	266.064
	2845	0	266.02
	2846	0	265.976
	2847	0	265.932
	2848	0	265.889
	2849	0	265.845
	2850	0	265.801
	2851	0	265.758
	2852	0	265.714
	2853	0	265.67
	2854	0	265.627
	2855	0	265.583
	2856	0	265.539
	2857	0	265.496
	2858	0	265.452
	2859	0	265.409
	2860	0	265.365
	2861	0	265.322
	2862	0	265.278
	2863	0	265.235
	2864	0	265.191
	2865	0	265.148
	2866	0	265.104
	2867	0	265.061
	2868	0	265.017
	2869	0	264.974
	2870	0	264.93
	2871	0	264.887
	2872	0	264.844
	2873	0	264.8
	2874	0	264.757
	2875	0	264.714
	2876	0	264.67
	2877	0	264.627
	2878	0	264.584
	2879	0	264.54
	2880	0	264.497
	2881	0	264.454
	2882	0	264.411
	2883	0	264.367
	2884	0	264.324
	2885	0	264.281
	2886	0	264.238
	2887	0	264.195
	2888	0	264.151
	2889	0	264.108
	2890	0	264.065
	2891	0	264.022
	2892	0	263.979
	2893	0	263.936
	2894	0	263.893
	2895	0	263.85
	2896	0	263.807
	2897	0	263.764
	2898	0	263.721
	2899	0	263.678
	2900	0	263.635
	2901	0	263.592
	2902	0	263.549
	2903	0	263.506
	2904	0	263.463
	2905	0	263.42
	2906	0	263.377
	2907	0	263.334
	2908	0	263.291
	2909	0	263.248
	2910	0	263.206
	2911	0	263.163
	2912	0	263.12
	2913	0	263.077
	2914	0	263.034
	2915	0	262.992
	2916	0	262.949
	2917	0	262.906
	2918	0	262.863
	2919	0	262.821
	2920	0	262.778
	2921	0	262.735
	2922	0	262.692
	2923	0	262.65
	2924	0	262.607
	2925	0	262.564
	2926	0	262.522
	2927	0	262.479
	2928	0	262.437
	2929	0	262.394
	2930	0	262.351
	2931	0	262.309
	2932	0	262.266
	2933	0	262.224
	2934	0	262.181
	2935	0	262.139
	2936	0	262.096
	2937	0	262.054
	2938	0	262.011
	2939	0	261.969
	2940	0	261.927
	2941	0	261.884
	2942	0	261.842
	2943	0	261.799
	2944	0	261.757
	2945	0	261.715
	2946	0	261.672
	2947	0	261.63
	2948	0	261.588
	2949	0	261.545
	2950	0	261.503
	2951	0	261.461
	2952	0	261.418
	2953	0	261.376
	2954	0	261.334
	2955	0	261.292
	2956	0	261.249
	2957	0	261.207
	2958	0	261.165
	2959	0	261.123
	2960	0	261.081
	2961	0	261.039
	2962	0	260.997
	2963	0	260.954
	2964	0	260.912
	2965	0	260.87
	2966	0	260.828
	2967	0	260.786
	2968	0	260.744
	2969	0	260.702
	2970	0	260.66
	2971	0	260.618
	2972	0	260.576
	2973	0	260.534
	2974	0	260.492
	2975	0	260.45
	2976	0	260.408
	2977	0	260.366
	2978	0	260.324
	2979	0	260.282
	2980	0	260.24
	2981	0	260.199
	2982	0	260.157
	2983	0	260.115
	2984	0	260.073
	2985	0	260.031
	2986	0	259.989
	2987	0	259.948
	2988	0	259.906
	2989	0	259.864
	2990	0	259.822
	2991	0	259.781
	2992	0	259.739
	2993	0	259.697
	2994	0	259.655
	2995	0	259.614
	2996	0	259.572
	2997	0	259.53
	2998	0	259.489
	2999	0	259.447
	3000	0	259.406
	3001	0	259.364
	3002	0	259.322
	3003	0	259.281
	3004	0	259.239
	3005	0	259.198
	3006	0	259.156
	3007	0	259.115
	3008	0	259.073
	3009	0	259.032
	3010	0	258.99
	3011	0	258.949
	3012	0	258.907
	3013	0	258.866
	3014	0	258.824
	3015	0	258.783
	3016	0	258.741
	3017	0	258.7
	3018	0	258.659
	3019	0	258.617
	3020	0	258.576
	3021	0	258.535
	3022	0	258.493
	3023	0	258.452
	3024	0	258.411
	3025	0	258.369
	3026	0	258.328
	3027	0	258.287
	3028	0	258.246
	3029	0	258.204
	3030	0	258.163
	3031	0	258.122
	3032	0	258.081
	3033	0	258.04
	3034	0	257.998
	3035	0	257.957
	3036	0	257.916
	3037	0	257.875
	3038	0	257.834
	3039	0	257.793
	3040	0	257.752
	3041	0	257.711
	3042	0	257.669
	3043	0	257.628
	3044	0	257.587
	3045	0	257.546
	3046	0	257.505
	3047	0	257.464
	3048	0	257.423
	3049	0	257.382
	3050	0	257.341
	3051	0	257.301
	3052	0	257.26
	3053	0	257.219
	3054	0	257.178
	3055	0	257.137
	3056	0	257.096
	3057	0	257.055
	3058	0	257.014
	3059	0	256.973
	3060	0	256.933
	3061	0	256.892
	3062	0	256.851
	3063	0	256.81
	3064	0	256.769
	3065	0	256.729
	3066	0	256.688
	3067	0	256.647
	3068	0	256.606
	3069	0	256.566
	3070	0	256.525
	3071	0	256.484
	3072	0	256.444
	3073	0	256.403
	3074	0	256.362
	3075	0	256.322
	3076	0	256.281
	3077	0	256.24
	3078	0	256.2
	3079	0	256.159
	3080	0	256.119
	3081	0	256.078
	3082	0	256.038
	3083	0	255.997
	3084	0	255.957
	3085	0	255.916
	3086	0	255.876
	3087	0	255.835
	3088	0	255.795
	3089	0	255.754
	3090	0	255.714
	3091	0	255.673
	3092	0	255.633
	3093	0	255.592
	3094	0	255.552
	3095	0	255.512
	3096	0	255.471
	3097	0	255.431
	3098	0	255.391
	3099	0	255.35
	3100	0	255.31
	3101	0	255.27
	3102	0	255.229
	3103	0	255.189
	3104	0	255.149
	3105	0	255.109
	3106	0	255.068
	3107	0	255.028
	3108	0	254.988
	3109	0	254.948
	3110	0	254.908
	3111	0	254.867
	3112	0	254.827
	3113	0	254.787
	3114	0	254.747
	3115	0	254.707
	3116	0	254.667
	3117	0	254.627
	3118	0	254.586
	3119	0	254.546
	3120	0	254.506
	3121	0	254.466
	3122	0	254.426
	3123	0	254.386
	3124	0	254.346
	3125	0	254.306
	3126	0	254.266
	3127	0	254.226
	3128	0	254.186
	3129	0	254.146
	3130	0	254.106
	3131	0	254.066
	3132	0	254.027
	3133	0	253.987
	3134	0	253.947
	3135	0	253.907
	3136	0	253.867
	3137	0	253.827
	3138	0	253.787
	3139	0	253.748
	3140	0	253.708
	3141	0	253.668
	3142	0	253.628
	3143	0	253.588
	3144	0	253.549
	3145	0	253.509
	3146	0	253.469
	3147	0	253.429
	3148	0	253.39
	3149	0	253.35
	3150	0	253.31
	3151	0	253.271
	3152	0	253.231
	3153	0	253.191
	3154	0	253.152
	3155	0	253.112
	3156	0	253.072
	3157	0	253.033
	3158	0	252.993
	3159	0	252.954
	3160	0	252.914
	3161	0	252.875
	3162	0	252.835
	3163	0	252.795
	3164	0	252.756
	3165	0	252.716
	3166	0	252.677
	3167	0	252.638
	3168	0	252.598
	3169	0	252.559
	3170	0	252.519
	3171	0	252.48
	3172	0	252.44
	3173	0	252.401
	3174	0	252.362
	3175	0	252.322
	3176	0	252.283
	3177	0	252.243
	3178	0	252.204
	3179	0	252.165
	3180	0	252.125
	3181	0	252.086
	3182	0	252.047
	3183	0	252.008
	3184	0	251.968
	3185	0	251.929
	3186	0	251.89
	3187	0	251.851
	3188	0	251.811
	3189	0	251.772
	3190	0	251.733
	3191	0	251.694
	3192	0	251.655
	3193	0	251.615
	3194	0	251.576
	3195	0	251.537
	3196	0	251.498
	3197	0	251.459
	3198	0	251.42
	3199	0	251.381
	3200	0	251.342
	3201	0	251.303
	3202	0	251.264
	3203	0	251.225
	3204	0	251.186
	3205	0	251.147
	3206	0	251.108
	3207	0	251.069
	3208	0	251.03
	3209	0	250.991
	3210	0	250.952
	3211	0	250.913
	3212	0	250.874
	3213	0	250.835
	3214	0	250.796
	3215	0	250.757
	3216	0	250.718
	3217	0	250.679
	3218	0	250.64
	3219	0	250.602
	3220	0	250.563
	3221	0	250.524
	3222	0	250.485
	3223	0	250.446
	3224	0	250.408
	3225	0	250.369
	3226	0	250.33
	3227	0	250.291
	3228	0	250.253
	3229	0	250.214
	3230	0	250.175
	3231	0	250.136
	3232	0	250.098
	3233	0	250.059
	3234	0	250.02
	3235	0	249.982
	3236	0	249.943
	3237	0	249.905
	3238	0	249.866
	3239	0	249.827
	3240	0	249.789
	3241	0	249.75
	3242	0	249.712
	3243	0	249.673
	3244	0	249.634
	3245	0	249.596
	3246	0	249.557
	3247	0	249.519
	3248	0	249.48
	3249	0	249.442
	3250	0	249.403
	3251	0	249.365
	3252	0	249.327
	3253	0	249.288
	3254	0	249.25
	3255	0	249.211
	3256	0	249.173
	3257	0	249.135
	3258	0	249.096
	3259	0	249.058
	3260	0	249.019
	3261	0	248.981
	3262	0	248.943
	3263	0	248.904
	3264	0	248.866
	3265	0	248.828
	3266	0	248.79
	3267	0	248.751
	3268	0	248.713
	3269	0	248.675
	3270	0	248.637
	3271	0	248.598
	3272	0	248.56
	3273	0	248.522
	3274	0	248.484
	3275	0	248.446
	3276	0	248.407
	3277	0	248.369
	3278	0	248.331
	3279	0	248.293
	3280	0	248.255
	3281	0	248.217
	3282	0	248.179
	3283	0	248.141
	3284	0	248.102
	3285	0	248.064
	3286	0	248.026
	3287	0	247.988
	3288	0	247.95
	3289	0	247.912
	3290	0	247.874
	3291	0	247.836
	3292	0	247.798
	3293	0	247.76
	3294	0	247.722
	3295	0	247.684
	3296	0	247.647
	3297	0	247.609
	3298	0	247.571
	3299	0	247.533
	3300	0	247.495
	3301	0	247.457
	3302	0	247.419
	3303	0	247.381
	3304	0	247.343
	3305	0	247.306
	3306	0	247.268
	3307	0	247.23
	3308	0	247.192
	3309	0	247.154
	3310	0	247.117
	3311	0	247.079
	3312	0	247.041
	3313	0	247.003
	3314	0	246.966
	3315	0	246.928
	3316	0	246.89
	3317	0	246.853
	3318	0	246.815
	3319	0	246.777
	3320	0	246.74
	3321	0	246.702
	3322	0	246.664
	3323	0	246.627
	3324	0	246.589
	3325	0	246.552
	3326	0	246.514
	3327	0	246.476
	3328	0	246.439
	3329	0	246.401
	3330	0	246.364
	3331	0	246.326
	3332	0	246.289
	3333	0	246.251
	3334	0	246.214
	3335	0	246.176
	3336	0	246.139
	3337	0	246.101
	3338	0	246.064
	3339	0	246.026
	3340	0	245.989
	3341	0	245.952
	3342	0	245.914
	3343	0	245.877
	3344	0	245.839
	3345	0	245.802
	3346	0	245.765
	3347	0	245.727
	3348	0	245.69
	3349	0	245.653
	3350	0	245.615
	3351	0	245.578
	3352	0	245.541
	3353	0	245.503
	3354	0	245.466
	3355	0	245.429
	3356	0	245.392
	3357	0	245.354
	3358	0	245.317
	3359	0	245.28
	3360	0	245.243
	3361	0	245.206
	3362	0	245.168
	3363	0	245.131
	3364	0	245.094
	3365	0	245.057
	3366	0	245.02
	3367	0	244.983
	3368	0	244.946
	3369	0	244.909
	3370	0	244.871
	3371	0	244.834
	3372	0	244.797
	3373	0	244.76
	3374	0	244.723
	3375	0	244.686
	3376	0	244.649
	3377	0	244.612
	3378	0	244.575
	3379	0	244.538
	3380	0	244.501
	3381	0	244.464
	3382	0	244.427
	3383	0	244.39
	3384	0	244.353
	3385	0	244.317
	3386	0	244.28
	3387	0	244.243
	3388	0	244.206
	3389	0	244.169
	3390	0	244.132
	3391	0	244.095
	3392	0	244.058
	3393	0	244.022
	3394	0	243.985
	3395	0	243.948
	3396	0	243.911
	3397	0	243.874
	3398	0	243.838
	3399	0	243.801
	3400	0	243.764
	3401	0	243.727
	3402	0	243.691
	3403	0	243.654
	3404	0	243.617
	3405	0	243.581
	3406	0	243.544
	3407	0	243.507
	3408	0	243.47
	3409	0	243.434
	3410	0	243.397
	3411	0	243.361
	3412	0	243.324
	3413	0	243.287
	3414	0	243.251
	3415	0	243.214
	3416	0	243.178
	3417	0	243.141
	3418	0	243.104
	3419	0	243.068
	3420	0	243.031
	3421	0	242.995
	3422	0	242.958
	3423	0	242.922
	3424	0	242.885
	3425	0	242.849
	3426	0	242.812
	3427	0	242.776
	3428	0	242.74
	3429	0	242.703
	3430	0	242.667
	3431	0	242.63
	3432	0	242.594
	3433	0	242.557
	3434	0	242.521
	3435	0	242.485
	3436	0	242.448
	3437	0	242.412
	3438	0	242.376
	3439	0	242.339
	3440	0	242.303
	3441	0	242.267
	3442	0	242.23
	3443	0	242.194
	3444	0	242.158
	3445	0	242.122
	3446	0	242.085
	3447	0	242.049
	3448	0	242.013
	3449	0	241.977
	3450	0	241.941
	3451	0	241.904
	3452	0	241.868
	3453	0	241.832
	3454	0	241.796
	3455	0	241.76
	3456	0	241.724
	3457	0	241.687
	3458	0	241.651
	3459	0	241.615
	3460	0	241.579
	3461	0	241.543
	3462	0	241.507
	3463	0	241.471
	3464	0	241.435
	3465	0	241.399
	3466	0	241.363
	3467	0	241.327
	3468	0	241.291
	3469	0	241.255
	3470	0	241.219
	3471	0	241.183
	3472	0	241.147
	3473	0	241.111
	3474	0	241.075
	3475	0	241.039
	3476	0	241.003
	3477	0	240.967
	3478	0	240.931
	3479	0	240.895
	3480	0	240.859
	3481	0	240.824
	3482	0	240.788
	3483	0	240.752
	3484	0	240.716
	3485	0	240.68
	3486	0	240.644
	3487	0	240.609
	3488	0	240.573
	3489	0	240.537
	3490	0	240.501
	3491	0	240.465
	3492	0	240.43
	3493	0	240.394
	3494	0	240.358
	3495	0	240.323
	3496	0	240.287
	3497	0	240.251
	3498	0	240.215
	3499	0	240.18
	3500	0	240.144
	3501	0	240.108
	3502	0	240.073
	3503	0	240.037
	3504	0	240.002
	3505	0	239.966
	3506	0	239.93
	3507	0	239.895
	3508	0	239.859
	3509	0	239.824
	3510	0	239.788
	3511	0	239.752
	3512	0	239.717
	3513	0	239.681
	3514	0	239.646
	3515	0	239.61
	3516	0	239.575
	3517	0	239.539
	3518	0	239.504
	3519	0	239.468
	3520	0	239.433
	3521	0	239.398
	3522	0	239.362
	3523	0	239.327
	3524	0	239.291
	3525	0	239.256
	3526	0	239.22
	3527	0	239.185
	3528	0	239.15
	3529	0	239.114
	3530	0	239.079
	3531	0	239.044
	3532	0	239.008
	3533	0	238.973
	3534	0	238.938
	3535	0	238.902
	3536	0	238.867
	3537	0	238.832
	3538	0	238.797
	3539	0	238.761
	3540	0	238.726
	3541	0	238.691
	3542	0	238.656
	3543	0	238.62
	3544	0	238.585
	3545	0	238.55
	3546	0	238.515
	3547	0	238.48
	3548	0	238.444
	3549	0	238.409
	3550	0	238.374
	3551	0	238.339
	3552	0	238.304
	3553	0	238.269
	3554	0	238.234
	3555	0	238.199
	3556	0	238.163
	3557	0	238.128
	3558	0	238.093
	3559	0	238.058
	3560	0	238.023
	3561	0	237.988
	3562	0	237.953
	3563	0	237.918
	3564	0	237.883
	3565	0	237.848
	3566	0	237.813
	3567	0	237.778
	3568	0	237.743
	3569	0	237.708
	3570	0	237.673
	3571	0	237.638
	3572	0	237.604
	3573	0	237.569
	3574	0	237.534
	3575	0	237.499
	3576	0	237.464
	3577	0	237.429
	3578	0	237.394
	3579	0	237.359
	3580	0	237.325
	3581	0	237.29
	3582	0	237.255
	3583	0	237.22
	3584	0	237.185
	3585	0	237.151
	3586	0	237.116
	3587	0	237.081
	3588	0	237.046
	3589	0	237.012
	3590	0	236.977
	3591	0	236.942
	3592	0	236.907
	3593	0	236.873
	3594	0	236.838
	3595	0	236.803
	3596	0	236.769
	3597	0	236.734
	3598	0	236.699
	3599	0	236.665
	3600	0	236.63
	3601	0	236.595
	3602	0	236.561
	3603	0	236.526
	3604	0	236.492
	3605	0	236.457
	3606	0	236.422
	3607	0	236.388
	3608	0	236.353
	3609	0	236.319
	3610	0	236.284
	3611	0	236.25
	3612	0	236.215
	3613	0	236.181
	3614	0	236.146
	3615	0	236.112
	3616	0	236.077
	3617	0	236.043
	3618	0	236.008
	3619	0	235.974
	3620	0	235.94
	3621	0	235.905
	3622	0	235.871
	3623	0	235.836
	3624	0	235.802
	3625	0	235.768
	3626	0	235.733
	3627	0	235.699
	3628	0	235.664
	3629	0	235.63
	3630	0	235.596
	3631	0	235.561
	3632	0	235.527
	3633	0	235.493
	3634	0	235.459
	3635	0	235.424
	3636	0	235.39
	3637	0	235.356
	3638	0	235.322
	3639	0	235.287
	3640	0	235.253
	3641	0	235.219
	3642	0	235.185
	3643	0	235.15
	3644	0	235.116
	3645	0	235.082
	3646	0	235.048
	3647	0	235.014
	3648	0	234.98
	3649	0	234.945
	3650	0	234.911
