t,I,S,R
0,1,120,0
0.1,0.997996,119.952,0.0499461
0.2,0.995977,119.904,0.099681
0.3,0.993943,119.857,0.149204
0.4,0.991895,119.81,0.198516
0.5,0.989832,119.763,0.247615
0.6,0.987755,119.716,0.296503
0.7,0.985663,119.669,0.345177
0.8,0.983558,119.623,0.393639
0.9,0.981439,119.577,0.441888
1,0.979306,119.531,0.489923
1.1,0.977161,119.485,0.537746
1.2,0.975002,119.44,0.585354
1.3,0.97283,119.394,0.632749
1.4,0.970645,119.349,0.67993
1.5,0.968448,119.305,0.726897
1.6,0.966239,119.26,0.773649
1.7,0.964017,119.216,0.820188
1.8,0.961784,119.172,0.866511
1.9,0.959539,119.128,0.91262
2,0.957282,119.084,0.958514
2.1,0.955014,119.041,1.00419
2.2,0.952735,118.998,1.04966
2.3,0.950444,118.955,1.09491
2.4,0.948143,118.912,1.13994
2.5,0.945832,118.869,1.18476
2.6,0.94351,118.827,1.22937
2.7,0.941177,118.785,1.27375
2.8,0.938835,118.743,1.31793
2.9,0.936483,118.702,1.36189
3,0.934121,118.66,1.40563
3.1,0.93175,118.619,1.44916
3.2,0.92937,118.578,1.49247
3.3,0.92698,118.537,1.53557
3.4,0.924581,118.497,1.57845
3.5,0.922174,118.457,1.62112
3.6,0.919758,118.417,1.66357
3.7,0.917334,118.377,1.7058
3.8,0.914902,118.337,1.74783
3.9,0.912462,118.298,1.78963
4,0.910014,118.259,1.83122
4.1,0.907558,118.22,1.8726
4.2,0.905095,118.181,1.91376
4.3,0.902624,118.143,1.95471
4.4,0.900146,118.104,1.99544
4.5,0.897662,118.066,2.03596
4.6,0.89517,118.029,2.07627
4.7,0.892673,117.991,2.11636
4.8,0.890168,117.954,2.15623
4.9,0.887658,117.916,2.1959
5,0.885141,117.88,2.23535
5.1,0.882619,117.843,2.27458
5.2,0.88009,117.806,2.3136
5.3,0.877556,117.77,2.35241
5.4,0.875017,117.734,2.39101
5.5,0.872473,117.698,2.42939
5.6,0.869923,117.663,2.46757
5.7,0.867369,117.627,2.50552
5.8,0.86481,117.592,2.54327
5.9,0.862246,117.557,2.58081
6,0.859678,117.522,2.61813
6.1,0.857105,117.488,2.65524
6.2,0.854528,117.453,2.69214
6.3,0.851948,117.419,2.72884
6.4,0.849364,117.385,2.76532
6.5,0.846776,117.352,2.80159
6.6,0.844184,117.318,2.83765
6.7,0.841589,117.285,2.8735
6.8,0.838991,117.252,2.90914
6.9,0.83639,117.219,2.94457
7,0.833787,117.186,2.97979
7.1,0.83118,117.154,3.01481
7.2,0.828571,117.122,3.04962
7.3,0.825959,117.09,3.08421
7.4,0.823345,117.058,3.11861
7.5,0.820729,117.026,3.15279
7.6,0.818111,116.995,3.18677
7.7,0.815491,116.964,3.22054
7.8,0.812869,116.933,3.25411
7.9,0.810246,116.902,3.28747
8,0.807621,116.872,3.32062
8.1,0.804995,116.841,3.35357
8.2,0.802367,116.811,3.38632
8.3,0.799739,116.781,3.41886
8.4,0.79711,116.752,3.4512
8.5,0.79448,116.722,3.48334
8.6,0.791849,116.693,3.51527
8.7,0.789218,116.664,3.547
8.8,0.786586,116.635,3.57853
8.9,0.783954,116.606,3.60985
9,0.781322,116.578,3.64098
9.1,0.778689,116.549,3.6719
9.2,0.776057,116.521,3.70263
9.3,0.773425,116.493,3.73315
9.4,0.770794,116.466,3.76348
9.5,0.768163,116.438,3.7936
9.6,0.765532,116.411,3.82353
9.7,0.762902,116.384,3.85326
9.8,0.760273,116.357,3.88279
9.9,0.757645,116.33,3.91213
10,0.755018,116.304,3.94127
10.1,0.752392,116.277,3.97021
10.2,0.749767,116.251,3.99896
10.3,0.747144,116.225,4.02751
10.4,0.744522,116.2,4.05587
10.5,0.741901,116.174,4.08404
10.6,0.739282,116.149,4.11201
10.7,0.736665,116.124,4.13979
10.8,0.73405,116.099,4.16737
10.9,0.731437,116.074,4.19477
11,0.728826,116.049,4.22197
11.1,0.726217,116.025,4.24898
11.2,0.723611,116.001,4.2758
11.3,0.721007,115.977,4.30243
11.4,0.718405,115.953,4.32887
11.5,0.715806,115.929,4.35513
11.6,0.713209,115.906,4.38119
11.7,0.710615,115.882,4.40707
11.8,0.708024,115.859,4.43276
11.9,0.705436,115.836,4.45826
12,0.702851,115.814,4.48358
12.1,0.70027,115.791,4.50872
12.2,0.697691,115.769,4.53366
12.3,0.695115,115.746,4.55843
12.4,0.692543,115.724,4.58301
12.5,0.689975,115.703,4.60741
12.6,0.68741,115.681,4.63162
12.7,0.684848,115.659,4.65565
12.8,0.68229,115.638,4.6795
12.9,0.679736,115.617,4.70317
13,0.677186,115.596,4.72666
13.1,0.67464,115.575,4.74998
13.2,0.672098,115.555,4.77311
13.3,0.66956,115.534,4.79606
13.4,0.667026,115.514,4.81884
13.5,0.664496,115.494,4.84144
13.6,0.66197,115.474,4.86386
13.7,0.659449,115.454,4.8861
13.8,0.656932,115.435,4.90818
13.9,0.65442,115.416,4.93007
14,0.651912,115.396,4.95179
14.1,0.649409,115.377,4.97334
14.2,0.646911,115.358,4.99472
14.3,0.644417,115.34,5.01592
14.4,0.641928,115.321,5.03695
14.5,0.639444,115.303,5.05781
14.6,0.636965,115.285,5.0785
14.7,0.634491,115.266,5.09902
14.8,0.632022,115.249,5.11938
14.9,0.629558,115.231,5.13956
15,0.627099,115.213,5.15957
15.1,0.624646,115.196,5.17942
15.2,0.622197,115.179,5.1991
15.3,0.619754,115.162,5.21862
15.4,0.617317,115.145,5.23797
15.5,0.614885,115.128,5.25715
15.6,0.612458,115.111,5.27617
15.7,0.610037,115.095,5.29503
15.8,0.607621,115.079,5.31373
15.9,0.605211,115.063,5.33226
16,0.602807,115.047,5.35063
16.1,0.600409,115.031,5.36884
16.2,0.598016,115.015,5.38689
16.3,0.595629,115,5.40478
16.4,0.593248,114.984,5.42251
16.5,0.590872,114.969,5.44009
16.6,0.588503,114.954,5.4575
16.7,0.58614,114.939,5.47476
16.8,0.583783,114.924,5.49186
16.9,0.581431,114.91,5.50881
17,0.579086,114.895,5.5256
17.1,0.576747,114.881,5.54224
17.2,0.574414,114.867,5.55872
17.3,0.572088,114.853,5.57505
17.4,0.569767,114.839,5.59123
17.5,0.567453,114.825,5.60726
17.6,0.565145,114.812,5.62313
17.7,0.562844,114.798,5.63885
17.8,0.560549,114.785,5.65443
17.9,0.55826,114.772,5.66985
18,0.555977,114.759,5.68513
18.1,0.553702,114.746,5.70026
18.2,0.551432,114.733,5.71524
18.3,0.549169,114.721,5.73008
18.4,0.546913,114.708,5.74477
18.5,0.544663,114.696,5.75931
18.6,0.54242,114.684,5.77371
18.7,0.540183,114.672,5.78796
18.8,0.537953,114.66,5.80208
18.9,0.53573,114.648,5.81604
19,0.533514,114.637,5.82987
19.1,0.531304,114.625,5.84356
19.2,0.5291,114.614,5.8571
19.3,0.526904,114.603,5.87051
19.4,0.524714,114.592,5.88377
19.5,0.522532,114.581,5.8969
19.6,0.520356,114.57,5.90989
19.7,0.518186,114.559,5.92274
19.8,0.516024,114.549,5.93545
19.9,0.513868,114.538,5.94803
20,0.51172,114.528,5.96047
20.1,0.509578,114.518,5.97278
20.2,0.507443,114.508,5.98495
20.3,0.505315,114.498,5.99699
20.4,0.503194,114.488,6.0089
20.5,0.50108,114.478,6.02067
20.6,0.498973,114.469,6.03232
20.7,0.496873,114.459,6.04383
20.8,0.49478,114.45,6.05521
20.9,0.492693,114.441,6.06646
21,0.490614,114.432,6.07758
21.1,0.488542,114.423,6.08858
21.2,0.486477,114.414,6.09944
21.3,0.484419,114.405,6.11018
21.4,0.482368,114.397,6.12079
21.5,0.480324,114.388,6.13128
21.6,0.478287,114.38,6.14164
21.7,0.476257,114.372,6.15188
21.8,0.474234,114.364,6.16199
21.9,0.472218,114.356,6.17198
22,0.470209,114.348,6.18184
22.1,0.468208,114.34,6.19158
22.2,0.466213,114.333,6.20121
22.3,0.464225,114.325,6.21071
22.4,0.462245,114.318,6.22009
22.5,0.460272,114.31,6.22935
22.6,0.458305,114.303,6.23849
22.7,0.456346,114.296,6.24751
22.8,0.454394,114.289,6.25642
22.9,0.452449,114.282,6.26521
23,0.450511,114.276,6.27388
23.1,0.448581,114.269,6.28243
23.2,0.446657,114.262,6.29087
23.3,0.44474,114.256,6.2992
23.4,0.442831,114.25,6.30741
23.5,0.440928,114.244,6.31551
23.6,0.439033,114.237,6.32349
23.7,0.437145,114.231,6.33136
23.8,0.435264,114.226,6.33912
23.9,0.43339,114.22,6.34677
24,0.431523,114.214,6.35431
24.1,0.429663,114.209,6.36174
24.2,0.42781,114.203,6.36906
24.3,0.425964,114.198,6.37627
24.4,0.424125,114.192,6.38337
24.5,0.422294,114.187,6.39037
24.6,0.420469,114.182,6.39726
24.7,0.418651,114.177,6.40404
24.8,0.416841,114.172,6.41072
24.9,0.415037,114.168,6.41729
25,0.413241,114.163,6.42375
25.1,0.411451,114.158,6.43011
25.2,0.409669,114.154,6.43637
25.3,0.407893,114.15,6.44253
25.4,0.406125,114.145,6.44858
25.5,0.404363,114.141,6.45453
25.6,0.402608,114.137,6.46038
25.7,0.400861,114.133,6.46613
25.8,0.39912,114.129,6.47178
25.9,0.397386,114.125,6.47733
26,0.39566,114.122,6.48279
26.1,0.39394,114.118,6.48814
26.2,0.392227,114.114,6.49339
26.3,0.390521,114.111,6.49855
26.4,0.388821,114.108,6.50361
26.5,0.387129,114.104,6.50858
26.6,0.385444,114.101,6.51345
26.7,0.383765,114.098,6.51823
26.8,0.382093,114.095,6.52291
26.9,0.380428,114.092,6.52749
27,0.37877,114.089,6.53199
27.1,0.377119,114.086,6.53639
27.2,0.375474,114.084,6.5407
27.3,0.373836,114.081,6.54491
27.4,0.372205,114.079,6.54904
27.5,0.370581,114.076,6.55307
27.6,0.368964,114.074,6.55702
27.7,0.367353,114.072,6.56087
27.8,0.365749,114.07,6.56464
27.9,0.364151,114.068,6.56832
28,0.362561,114.066,6.57191
28.1,0.360977,114.064,6.57541
28.2,0.359399,114.062,6.57883
28.3,0.357828,114.06,6.58216
28.4,0.356264,114.058,6.5854
28.5,0.354707,114.057,6.58856
28.6,0.353156,114.055,6.59164
28.7,0.351611,114.054,6.59463
28.8,0.350073,114.052,6.59753
28.9,0.348542,114.051,6.60035
29,0.347017,114.05,6.60309
29.1,0.345499,114.049,6.60575
29.2,0.343987,114.048,6.60833
29.3,0.342482,114.047,6.61082
29.4,0.340983,114.046,6.61324
29.5,0.33949,114.045,6.61557
29.6,0.338004,114.044,6.61783
29.7,0.336525,114.043,6.62
29.8,0.335052,114.043,6.6221
29.9,0.333585,114.042,6.62412
30,0.332124,114.042,6.62606
30.1,0.33067,114.041,6.62792
30.2,0.329222,114.041,6.62971
30.3,0.327781,114.041,6.63142
30.4,0.326345,114.041,6.63305
30.5,0.324916,114.04,6.63461
30.6,0.323494,114.04,6.6361
30.7,0.322077,114.04,6.63751
30.8,0.320667,114.04,6.63884
30.9,0.319262,114.041,6.64011
31,0.317864,114.041,6.6413
31.1,0.316473,114.041,6.64242
31.2,0.315087,114.041,6.64346
31.3,0.313707,114.042,6.64444
31.4,0.312334,114.042,6.64534
31.5,0.310966,114.043,6.64617
31.6,0.309605,114.043,6.64693
31.7,0.30825,114.044,6.64763
31.8,0.3069,114.045,6.64825
31.9,0.305557,114.046,6.64881
32,0.30422,114.046,6.64929
32.1,0.302888,114.047,6.64971
32.2,0.301563,114.048,6.65006
32.3,0.300243,114.049,6.65035
32.4,0.29893,114.051,6.65057
32.5,0.297622,114.052,6.65072
32.6,0.29632,114.053,6.65081
32.7,0.295024,114.054,6.65083
32.8,0.293734,114.055,6.65078
32.9,0.292449,114.057,6.65068
33,0.291171,114.058,6.6505
33.1,0.289898,114.06,6.65027
33.2,0.288631,114.061,6.64997
33.3,0.287369,114.063,6.64961
33.4,0.286113,114.065,6.64919
33.5,0.284863,114.066,6.6487
33.6,0.283619,114.068,6.64816
33.7,0.28238,114.07,6.64755
33.8,0.281147,114.072,6.64688
33.9,0.27992,114.074,6.64616
34,0.278698,114.076,6.64537
34.1,0.277481,114.078,6.64452
34.2,0.27627,114.08,6.64362
34.3,0.275065,114.082,6.64265
34.4,0.273865,114.085,6.64163
34.5,0.272671,114.087,6.64055
34.6,0.271482,114.089,6.63942
34.7,0.270299,114.091,6.63822
34.8,0.26912,114.094,6.63698
34.9,0.267948,114.096,6.63567
35,0.266781,114.099,6.63431
35.1,0.265619,114.101,6.63289
35.2,0.264462,114.104,6.63142
35.3,0.263311,114.107,6.62989
35.4,0.262165,114.11,6.62832
35.5,0.261024,114.112,6.62668
35.6,0.259889,114.115,6.62499
35.7,0.258758,114.118,6.62326
35.8,0.257633,114.121,6.62146
35.9,0.256514,114.124,6.61962
36,0.255399,114.127,6.61772
36.1,0.25429,114.13,6.61577
36.2,0.253185,114.133,6.61378
36.3,0.252086,114.136,6.61173
36.4,0.250992,114.139,6.60963
36.5,0.249903,114.143,6.60748
36.6,0.248819,114.146,6.60528
36.7,0.24774,114.149,6.60303
36.8,0.246666,114.153,6.60073
36.9,0.245597,114.156,6.59839
37,0.244533,114.159,6.59599
37.1,0.243474,114.163,6.59355
37.2,0.242419,114.167,6.59106
37.3,0.24137,114.17,6.58852
37.4,0.240326,114.174,6.58594
37.5,0.239286,114.177,6.58331
37.6,0.238252,114.181,6.58064
37.7,0.237222,114.185,6.57792
37.8,0.236197,114.189,6.57515
37.9,0.235177,114.192,6.57234
38,0.234161,114.196,6.56948
38.1,0.23315,114.2,6.56658
38.2,0.232144,114.204,6.56364
38.3,0.231143,114.208,6.56065
38.4,0.230147,114.212,6.55762
38.5,0.229155,114.216,6.55454
38.6,0.228167,114.22,6.55142
38.7,0.227185,114.225,6.54826
38.8,0.226207,114.229,6.54506
38.9,0.225233,114.233,6.54182
39,0.224264,114.237,6.53853
39.1,0.2233,114.241,6.53521
39.2,0.22234,114.246,6.53184
39.3,0.221385,114.25,6.52843
39.4,0.220434,114.255,6.52499
39.5,0.219488,114.259,6.5215
39.6,0.218546,114.263,6.51797
39.7,0.217609,114.268,6.51441
39.8,0.216676,114.273,6.5108
39.9,0.215747,114.277,6.50716
40,0.214823,114.282,6.50348
40.1,0.213903,114.286,6.49976
40.2,0.212987,114.291,6.496
40.3,0.212076,114.296,6.49221
40.4,0.211169,114.3,6.48838
40.5,0.210266,114.305,6.48451
40.6,0.209368,114.31,6.48061
40.7,0.208474,114.315,6.47667
40.8,0.207584,114.32,6.47269
40.9,0.206698,114.325,6.46868
41,0.205816,114.33,6.46463
41.1,0.204939,114.335,6.46055
41.2,0.204066,114.34,6.45643
41.3,0.203197,114.345,6.45228
41.4,0.202332,114.35,6.44809
41.5,0.201471,114.355,6.44387
41.6,0.200614,114.36,6.43962
41.7,0.199761,114.365,6.43533
41.8,0.198912,114.37,6.43101
41.9,0.198068,114.375,6.42666
42,0.197227,114.38,6.42228
42.1,0.19639,114.386,6.41786
42.2,0.195557,114.391,6.41341
42.3,0.194728,114.396,6.40893
42.4,0.193903,114.402,6.40442
42.5,0.193082,114.407,6.39987
42.6,0.192265,114.412,6.3953
42.7,0.191452,114.418,6.39069
42.8,0.190643,114.423,6.38606
42.9,0.189837,114.429,6.38139
43,0.189035,114.434,6.3767
43.1,0.188237,114.44,6.37197
43.2,0.187443,114.445,6.36722
43.3,0.186653,114.451,6.36244
43.4,0.185866,114.457,6.35762
43.5,0.185083,114.462,6.35278
43.6,0.184304,114.468,6.34791
43.7,0.183528,114.473,6.34302
43.8,0.182757,114.479,6.33809
43.9,0.181988,114.485,6.33314
44,0.181224,114.491,6.32816
44.1,0.180463,114.496,6.32315
44.2,0.179706,114.502,6.31812
44.3,0.178952,114.508,6.31306
44.4,0.178202,114.514,6.30797
44.5,0.177455,114.52,6.30286
44.6,0.176712,114.526,6.29772
44.7,0.175973,114.531,6.29256
44.8,0.175237,114.537,6.28737
44.9,0.174504,114.543,6.28215
45,0.173775,114.549,6.27691
45.1,0.17305,114.555,6.27165
45.2,0.172328,114.561,6.26636
45.3,0.171609,114.567,6.26104
45.4,0.170894,114.573,6.25571
45.5,0.170182,114.579,6.25034
45.6,0.169473,114.586,6.24496
45.7,0.168768,114.592,6.23955
45.8,0.168067,114.598,6.23412
45.9,0.167368,114.604,6.22866
46,0.166673,114.61,6.22319
46.1,0.165981,114.616,6.21769
46.2,0.165293,114.623,6.21216
46.3,0.164607,114.629,6.20662
46.4,0.163925,114.635,6.20105
46.5,0.163246,114.641,6.19547
46.6,0.162571,114.648,6.18986
46.7,0.161898,114.654,6.18423
46.8,0.161229,114.66,6.17857
46.9,0.160563,114.667,6.1729
47,0.1599,114.673,6.16721
47.1,0.159241,114.679,6.16149
47.2,0.158584,114.686,6.15576
47.3,0.157931,114.692,6.15001
47.4,0.15728,114.698,6.14423
47.5,0.156633,114.705,6.13844
47.6,0.155989,114.711,6.13263
47.7,0.155347,114.718,6.12679
47.8,0.154709,114.724,6.12094
47.9,0.154074,114.731,6.11507
48,0.153442,114.737,6.10918
48.1,0.152813,114.744,6.10328
48.2,0.152187,114.75,6.09735
48.3,0.151564,114.757,6.09141
48.4,0.150943,114.764,6.08545
48.5,0.150326,114.77,6.07947
48.6,0.149712,114.777,6.07347
48.7,0.1491,114.783,6.06746
48.8,0.148492,114.79,6.06143
48.9,0.147886,114.797,6.05538
49,0.147283,114.803,6.04931
49.1,0.146683,114.81,6.04323
49.2,0.146086,114.817,6.03713
49.3,0.145492,114.823,6.03102
49.4,0.1449,114.83,6.02489
49.5,0.144311,114.837,6.01874
49.6,0.143725,114.844,6.01258
49.7,0.143142,114.85,6.0064
49.8,0.142562,114.857,6.00021
49.9,0.141984,114.864,5.994
50,0.141409,114.871,5.98778
50.1,0.140837,114.878,5.98154
50.2,0.140267,114.884,5.97529
50.3,0.1397,114.891,5.96902
50.4,0.139136,114.898,5.96274
50.5,0.138575,114.905,5.95644
50.6,0.138016,114.912,5.95013
50.7,0.13746,114.919,5.94381
50.8,0.136906,114.926,5.93747
50.9,0.136355,114.933,5.93112
51,0.135806,114.939,5.92475
51.1,0.135261,114.946,5.91838
51.2,0.134717,114.953,5.91198
51.3,0.134177,114.96,5.90558
51.4,0.133638,114.967,5.89916
51.5,0.133103,114.974,5.89273
51.6,0.13257,114.981,5.88629
51.7,0.132039,114.988,5.87984
51.8,0.131511,114.995,5.87337
51.9,0.130985,115.002,5.8669
52,0.130462,115.009,5.86041
52.1,0.129941,115.016,5.8539
52.2,0.129423,115.023,5.84739
52.3,0.128907,115.03,5.84087
52.4,0.128394,115.037,5.83433
52.5,0.127882,115.044,5.82778
52.6,0.127374,115.051,5.82122
52.7,0.126868,115.058,5.81466
52.8,0.126364,115.066,5.80808
52.9,0.125862,115.073,5.80149
53,0.125363,115.08,5.79489
53.1,0.124866,115.087,5.78828
53.2,0.124372,115.094,5.78165
53.3,0.123879,115.101,5.77502
53.4,0.123389,115.108,5.76838
53.5,0.122902,115.115,5.76173
53.6,0.122416,115.123,5.75507
53.7,0.121933,115.13,5.7484
53.8,0.121452,115.137,5.74172
53.9,0.120974,115.144,5.73504
54,0.120497,115.151,5.72834
54.1,0.120023,115.158,5.72163
54.2,0.119551,115.166,5.71492
54.3,0.119082,115.173,5.7082
54.4,0.118614,115.18,5.70146
54.5,0.118149,115.187,5.69472
54.6,0.117686,115.194,5.68798
54.7,0.117225,115.202,5.68122
54.8,0.116766,115.209,5.67446
54.9,0.116309,115.216,5.66768
55,0.115854,115.223,5.6609
55.1,0.115402,115.23,5.65412
55.2,0.114951,115.238,5.64732
55.3,0.114503,115.245,5.64052
55.4,0.114057,115.252,5.63371
55.5,0.113612,115.259,5.62689
55.6,0.11317,115.267,5.62007
55.7,0.11273,115.274,5.61324
55.8,0.112292,115.281,5.6064
55.9,0.111856,115.289,5.59955
56,0.111422,115.296,5.5927
56.1,0.11099,115.303,5.58584
56.2,0.11056,115.31,5.57898
56.3,0.110132,115.318,5.57211
56.4,0.109706,115.325,5.56523
56.5,0.109282,115.332,5.55835
56.6,0.10886,115.34,5.55146
56.7,0.10844,115.347,5.54457
56.8,0.108022,115.354,5.53767
56.9,0.107605,115.362,5.53077
57,0.107191,115.369,5.52386
57.1,0.106779,115.376,5.51694
57.2,0.106368,115.384,5.51002
57.3,0.105959,115.391,5.50309
57.4,0.105553,115.398,5.49616
57.5,0.105148,115.406,5.48923
57.6,0.104745,115.413,5.48228
57.7,0.104343,115.42,5.47534
57.8,0.103944,115.428,5.46839
57.9,0.103546,115.435,5.46143
58,0.103151,115.442,5.45447
58.1,0.102757,115.45,5.44751
58.2,0.102365,115.457,5.44054
58.3,0.101974,115.464,5.43357
58.4,0.101586,115.472,5.4266
58.5,0.101199,115.479,5.41962
58.6,0.100814,115.487,5.41263
58.7,0.100431,115.494,5.40565
58.8,0.10005,115.501,5.39866
58.9,0.09967,115.509,5.39166
59,0.099292,115.516,5.38466
59.1,0.0989158,115.523,5.37766
59.2,0.0985413,115.531,5.37066
59.3,0.0981685,115.538,5.36365
59.4,0.0977974,115.546,5.35664
59.5,0.097428,115.553,5.34963
59.6,0.0970602,115.56,5.34261
59.7,0.0966942,115.568,5.33559
59.8,0.0963298,115.575,5.32857
59.9,0.095967,115.582,5.32155
60,0.0956059,115.59,5.31452
60.1,0.0952465,115.597,5.30749
60.2,0.0948887,115.605,5.30046
60.3,0.0945325,115.612,5.29343
60.4,0.0941779,115.619,5.28639
60.5,0.0938249,115.627,5.27935
60.6,0.0934736,115.634,5.27231
60.7,0.0931238,115.642,5.26527
60.8,0.0927756,115.649,5.25823
60.9,0.092429,115.656,5.25118
61,0.0920839,115.664,5.24413
61.1,0.0917404,115.671,5.23708
61.2,0.0913985,115.679,5.23003
61.3,0.0910581,115.686,5.22298
61.4,0.0907193,115.693,5.21593
61.5,0.0903819,115.701,5.20888
61.6,0.0900461,115.708,5.20182
61.7,0.0897118,115.716,5.19476
61.8,0.089379,115.723,5.18771
61.9,0.0890478,115.73,5.18065
62,0.088718,115.738,5.17359
62.1,0.0883896,115.745,5.16653
62.2,0.0880628,115.752,5.15947
62.3,0.0877374,115.76,5.15241
62.4,0.0874135,115.767,5.14535
62.5,0.0870911,115.775,5.13828
62.6,0.08677,115.782,5.13122
62.7,0.0864505,115.789,5.12416
62.8,0.0861323,115.797,5.11709
62.9,0.0858156,115.804,5.11003
63,0.0855003,115.812,5.10297
63.1,0.0851864,115.819,5.0959
63.2,0.084874,115.826,5.08884
63.3,0.0845629,115.834,5.08178
63.4,0.0842532,115.841,5.07471
63.5,0.0839448,115.848,5.06765
63.6,0.0836379,115.856,5.06059
63.7,0.0833323,115.863,5.05352
63.8,0.0830281,115.871,5.04646
63.9,0.0827253,115.878,5.0394
64,0.0824238,115.885,5.03234
64.1,0.0821236,115.893,5.02528
64.2,0.0818248,115.9,5.01822
64.3,0.0815272,115.907,5.01116
64.4,0.0812311,115.915,5.0041
64.5,0.0809362,115.922,4.99704
64.6,0.0806426,115.929,4.98999
64.7,0.0803504,115.937,4.98293
64.8,0.0800594,115.944,4.97588
64.9,0.0797697,115.951,4.96882
65,0.0794813,115.959,4.96177
65.1,0.0791942,115.966,4.95472
65.2,0.0789084,115.973,4.94767
65.3,0.0786238,115.981,4.94062
65.4,0.0783404,115.988,4.93358
65.5,0.0780584,115.995,4.92653
65.6,0.0777775,116.003,4.91949
65.7,0.0774979,116.01,4.91245
65.8,0.0772196,116.017,4.90541
65.9,0.0769424,116.025,4.89837
66,0.0766665,116.032,4.89133
66.1,0.0763918,116.039,4.8843
66.2,0.0761183,116.047,4.87726
66.3,0.075846,116.054,4.87023
66.4,0.0755749,116.061,4.8632
66.5,0.075305,116.069,4.85618
66.6,0.0750362,116.076,4.84915
66.7,0.0747687,116.083,4.84213
66.8,0.0745023,116.09,4.83511
66.9,0.0742371,116.098,4.82809
67,0.073973,116.105,4.82108
67.1,0.0737101,116.112,4.81406
67.2,0.0734484,116.119,4.80705
67.3,0.0731877,116.127,4.80005
67.4,0.0729283,116.134,4.79304
67.5,0.0726699,116.141,4.78604
67.6,0.0724127,116.149,4.77904
67.7,0.0721566,116.156,4.77204
67.8,0.0719016,116.163,4.76504
67.9,0.0716478,116.17,4.75805
68,0.071395,116.178,4.75106
68.1,0.0711433,116.185,4.74408
68.2,0.0708927,116.192,4.73709
68.3,0.0706432,116.199,4.73011
68.4,0.0703948,116.206,4.72313
68.5,0.0701475,116.214,4.71616
68.6,0.0699012,116.221,4.70919
68.7,0.069656,116.228,4.70222
68.8,0.0694119,116.235,4.69526
68.9,0.0691688,116.243,4.6883
69,0.0689268,116.25,4.68134
69.1,0.0686858,116.257,4.67438
69.2,0.0684459,116.264,4.66743
69.3,0.0682069,116.271,4.66048
69.4,0.0679691,116.278,4.65354
69.5,0.0677322,116.286,4.6466
69.6,0.0674964,116.293,4.63966
69.7,0.0672616,116.3,4.63273
69.8,0.0670277,116.307,4.6258
69.9,0.0667949,116.314,4.61887
70,0.0665631,116.321,4.61195
70.1,0.0663323,116.329,4.60503
70.2,0.0661025,116.336,4.59812
70.3,0.0658736,116.343,4.5912
70.4,0.0656458,116.35,4.5843
70.5,0.0654189,116.357,4.57739
70.6,0.065193,116.364,4.5705
70.7,0.064968,116.371,4.5636
70.8,0.064744,116.379,4.55671
70.9,0.064521,116.386,4.54982
71,0.0642989,116.393,4.54294
71.1,0.0640778,116.4,4.53606
71.2,0.0638576,116.407,4.52919
71.3,0.0636384,116.414,4.52232
71.4,0.06342,116.421,4.51545
71.5,0.0632026,116.428,4.50859
71.6,0.0629862,116.435,4.50173
71.7,0.0627706,116.442,4.49488
71.8,0.062556,116.449,4.48803
71.9,0.0623423,116.456,4.48119
72,0.0621294,116.464,4.47435
72.1,0.0619175,116.471,4.46752
72.2,0.0617065,116.478,4.46069
72.3,0.0614964,116.485,4.45386
72.4,0.0612871,116.492,4.44704
72.5,0.0610788,116.499,4.44023
72.6,0.0608713,116.506,4.43342
72.7,0.0606647,116.513,4.42661
72.8,0.060459,116.52,4.41981
72.9,0.0602541,116.527,4.41301
73,0.0600501,116.534,4.40622
73.1,0.059847,116.541,4.39943
73.2,0.0596447,116.548,4.39265
73.3,0.0594432,116.555,4.38587
73.4,0.0592427,116.562,4.3791
73.5,0.0590429,116.569,4.37233
73.6,0.058844,116.576,4.36557
73.7,0.0586459,116.583,4.35882
73.8,0.0584487,116.589,4.35206
73.9,0.0582522,116.596,4.34532
74,0.0580566,116.603,4.33858
74.1,0.0578619,116.61,4.33184
74.2,0.0576679,116.617,4.32511
74.3,0.0574747,116.624,4.31838
74.4,0.0572824,116.631,4.31166
74.5,0.0570908,116.638,4.30495
74.6,0.0569001,116.645,4.29824
74.7,0.0567101,116.652,4.29153
74.8,0.0565209,116.659,4.28484
74.9,0.0563325,116.666,4.27814
75,0.0561449,116.672,4.27145
75.1,0.0559581,116.679,4.26477
75.2,0.0557721,116.686,4.25809
75.3,0.0555868,116.693,4.25142
75.4,0.0554023,116.7,4.24476
75.5,0.0552185,116.707,4.2381
75.6,0.0550356,116.714,4.23144
75.7,0.0548533,116.72,4.22479
75.8,0.0546719,116.727,4.21815
75.9,0.0544911,116.734,4.21151
76,0.0543112,116.741,4.20488
76.1,0.0541319,116.748,4.19825
76.2,0.0539534,116.754,4.19163
76.3,0.0537757,116.761,4.18502
76.4,0.0535986,116.768,4.17841
76.5,0.0534223,116.775,4.17181
76.6,0.0532467,116.782,4.16521
76.7,0.0530719,116.788,4.15862
76.8,0.0528977,116.795,4.15203
76.9,0.0527243,116.802,4.14545
77,0.0525516,116.809,4.13888
77.1,0.0523796,116.815,4.13231
77.2,0.0522083,116.822,4.12575
77.3,0.0520377,116.829,4.1192
77.4,0.0518678,116.835,4.11265
77.5,0.0516986,116.842,4.1061
77.6,0.05153,116.849,4.09957
77.7,0.0513622,116.856,4.09303
77.8,0.051195,116.862,4.08651
77.9,0.0510286,116.869,4.07999
78,0.0508628,116.876,4.07348
78.1,0.0506977,116.882,4.06697
78.2,0.0505332,116.889,4.06047
78.3,0.0503694,116.896,4.05398
78.4,0.0502063,116.902,4.04749
78.5,0.0500439,116.909,4.04101
78.6,0.0498821,116.916,4.03453
78.7,0.0497209,116.922,4.02806
78.8,0.0495604,116.929,4.0216
78.9,0.0494006,116.935,4.01514
79,0.0492414,116.942,4.00869
79.1,0.0490829,116.949,4.00225
79.2,0.0489249,116.955,3.99581
79.3,0.0487677,116.962,3.98938
79.4,0.048611,116.968,3.98296
79.5,0.048455,116.975,3.97654
79.6,0.0482996,116.982,3.97013
79.7,0.0481449,116.988,3.96372
79.8,0.0479908,116.995,3.95732
79.9,0.0478372,117.001,3.95093
80,0.0476843,117.008,3.94455
80.1,0.0475321,117.014,3.93817
80.2,0.0473804,117.021,3.9318
80.3,0.0472293,117.027,3.92543
80.4,0.0470789,117.034,3.91907
80.5,0.046929,117.04,3.91272
80.6,0.0467797,117.047,3.90637
80.7,0.0466311,117.053,3.90003
80.8,0.046483,117.06,3.8937
80.9,0.0463355,117.066,3.88737
81,0.0461886,117.073,3.88106
81.1,0.0460423,117.079,3.87474
81.2,0.0458966,117.086,3.86844
81.3,0.0457514,117.092,3.86214
81.4,0.0456068,117.099,3.85585
81.5,0.0454629,117.105,3.84956
81.6,0.0453194,117.111,3.84328
81.7,0.0451766,117.118,3.83701
81.8,0.0450343,117.124,3.83074
81.9,0.0448925,117.131,3.82449
82,0.0447514,117.137,3.81823
82.1,0.0446108,117.143,3.81199
82.2,0.0444707,117.15,3.80575
82.3,0.0443312,117.156,3.79952
82.4,0.0441923,117.163,3.7933
82.5,0.0440539,117.169,3.78708
82.6,0.043916,117.175,3.78087
82.7,0.0437787,117.182,3.77466
82.8,0.0436419,117.188,3.76847
82.9,0.0435057,117.194,3.76228
83,0.04337,117.201,3.7561
83.1,0.0432348,117.207,3.74992
83.2,0.0431002,117.213,3.74375
83.3,0.0429661,117.219,3.73759
83.4,0.0428325,117.226,3.73143
83.5,0.0426994,117.232,3.72529
83.6,0.0425669,117.238,3.71915
83.7,0.0424348,117.245,3.71301
83.8,0.0423033,117.251,3.70689
83.9,0.0421723,117.257,3.70077
84,0.0420418,117.263,3.69465
84.1,0.0419119,117.27,3.68855
84.2,0.0417824,117.276,3.68245
84.3,0.0416534,117.282,3.67636
84.4,0.041525,117.288,3.67027
84.5,0.041397,117.294,3.6642
84.6,0.0412695,117.301,3.65813
84.7,0.0411426,117.307,3.65206
84.8,0.0410161,117.313,3.64601
84.9,0.0408901,117.319,3.63996
85,0.0407646,117.325,3.63392
85.1,0.0406396,117.331,3.62788
85.2,0.040515,117.338,3.62185
85.3,0.040391,117.344,3.61583
85.4,0.0402674,117.35,3.60982
85.5,0.0401443,117.356,3.60381
85.6,0.0400217,117.362,3.59782
85.7,0.0398995,117.368,3.59182
85.8,0.0397778,117.374,3.58584
85.9,0.0396566,117.38,3.57986
86,0.0395359,117.387,3.57389
86.1,0.0394156,117.393,3.56793
86.2,0.0392958,117.399,3.56198
86.3,0.0391764,117.405,3.55603
86.4,0.0390575,117.411,3.55009
86.5,0.0389391,117.417,3.54415
86.6,0.0388211,117.423,3.53823
86.7,0.0387035,117.429,3.53231
86.8,0.0385864,117.435,3.5264
86.9,0.0384698,117.441,3.52049
87,0.0383536,117.447,3.51459
87.1,0.0382378,117.453,3.5087
87.2,0.0381225,117.459,3.50282
87.3,0.0380076,117.465,3.49695
87.4,0.0378932,117.471,3.49108
87.5,0.0377792,117.477,3.48522
87.6,0.0376656,117.483,3.47937
87.7,0.0375524,117.489,3.47352
87.8,0.0374397,117.495,3.46768
87.9,0.0373274,117.501,3.46185
88,0.0372156,117.507,3.45603
88.1,0.0371041,117.513,3.45021
88.2,0.0369931,117.519,3.4444
88.3,0.0368825,117.525,3.4386
88.4,0.0367723,117.53,3.4328
88.5,0.0366626,117.536,3.42702
88.6,0.0365532,117.542,3.42124
88.7,0.0364443,117.548,3.41546
88.8,0.0363358,117.554,3.4097
88.9,0.0362277,117.56,3.40394
89,0.0361199,117.566,3.39819
89.1,0.0360126,117.572,3.39245
89.2,0.0359057,117.577,3.38671
89.3,0.0357992,117.583,3.38098
89.4,0.0356931,117.589,3.37526
89.5,0.0355874,117.595,3.36955
89.6,0.0354821,117.601,3.36384
89.7,0.0353772,117.606,3.35815
89.8,0.0352727,117.612,3.35245
89.9,0.0351685,117.618,3.34677
90,0.0350648,117.624,3.34109
90.1,0.0349614,117.63,3.33543
90.2,0.0348584,117.635,3.32976
90.3,0.0347559,117.641,3.32411
90.4,0.0346536,117.647,3.31846
90.5,0.0345518,117.653,3.31282
90.6,0.0344504,117.658,3.30719
90.7,0.0343493,117.664,3.30157
90.8,0.0342486,117.67,3.29595
90.9,0.0341483,117.676,3.29034
91,0.0340483,117.681,3.28474
91.1,0.0339487,117.687,3.27915
91.2,0.0338495,117.693,3.27356
91.3,0.0337507,117.698,3.26798
91.4,0.0336522,117.704,3.26241
91.5,0.0335541,117.71,3.25684
91.6,0.0334563,117.715,3.25129
91.7,0.0333589,117.721,3.24574
91.8,0.0332619,117.727,3.2402
91.9,0.0331652,117.732,3.23466
92,0.0330689,117.738,3.22913
92.1,0.0329729,117.743,3.22361
92.2,0.0328773,117.749,3.2181
92.3,0.032782,117.755,3.2126
92.4,0.0326871,117.76,3.2071
92.5,0.0325925,117.766,3.20161
92.6,0.0324983,117.771,3.19613
92.7,0.0324044,117.777,3.19065
92.8,0.0323109,117.783,3.18518
92.9,0.0322177,117.788,3.17972
93,0.0321248,117.794,3.17427
93.1,0.0320323,117.799,3.16883
93.2,0.0319401,117.805,3.16339
93.3,0.0318483,117.81,3.15796
93.4,0.0317568,117.816,3.15254
93.5,0.0316656,117.821,3.14712
93.6,0.0315748,117.827,3.14171
93.7,0.0314843,117.832,3.13631
93.8,0.0313941,117.838,3.13092
93.9,0.0313042,117.843,3.12553
94,0.0312147,117.849,3.12016
94.1,0.0311255,117.854,3.11479
94.2,0.0310366,117.86,3.10942
94.3,0.030948,117.865,3.10407
94.4,0.0308598,117.87,3.09872
94.5,0.0307719,117.876,3.09338
94.6,0.0306843,117.881,3.08805
94.7,0.030597,117.887,3.08272
94.8,0.03051,117.892,3.0774
94.9,0.0304233,117.897,3.07209
95,0.030337,117.903,3.06679
95.1,0.0302509,117.908,3.06149
95.2,0.0301652,117.914,3.05621
95.3,0.0300798,117.919,3.05092
95.4,0.0299946,117.924,3.04565
95.5,0.0299098,117.93,3.04039
95.6,0.0298253,117.935,3.03513
95.7,0.0297411,117.94,3.02988
95.8,0.0296572,117.946,3.02463
95.9,0.0295736,117.951,3.0194
96,0.0294903,117.956,3.01417
96.1,0.0294073,117.962,3.00895
96.2,0.0293245,117.967,3.00373
96.3,0.0292421,117.972,2.99853
96.4,0.02916,117.978,2.99333
96.5,0.0290782,117.983,2.98814
96.6,0.0289966,117.988,2.98295
96.7,0.0289154,117.993,2.97778
96.8,0.0288344,117.999,2.97261
96.9,0.0287537,118.004,2.96745
97,0.0286733,118.009,2.96229
97.1,0.0285932,118.014,2.95715
97.2,0.0285134,118.019,2.95201
97.3,0.0284338,118.025,2.94688
97.4,0.0283546,118.03,2.94175
97.5,0.0282756,118.035,2.93663
97.6,0.0281969,118.04,2.93152
97.7,0.0281185,118.045,2.92642
97.8,0.0280403,118.051,2.92133
97.9,0.0279624,118.056,2.91624
98,0.0278848,118.061,2.91116
98.1,0.0278075,118.066,2.90609
98.2,0.0277305,118.071,2.90102
98.3,0.0276537,118.076,2.89597
98.4,0.0275772,118.082,2.89092
98.5,0.0275009,118.087,2.88587
98.6,0.0274249,118.092,2.88084
98.7,0.0273492,118.097,2.87581
98.8,0.0272738,118.102,2.87079
98.9,0.0271986,118.107,2.86577
99,0.0271236,118.112,2.86077
99.1,0.027049,118.117,2.85577
99.2,0.0269746,118.122,2.85078
99.3,0.0269004,118.127,2.8458
99.4,0.0268266,118.132,2.84082
99.5,0.0267529,118.137,2.83585
99.6,0.0266795,118.142,2.83089
99.7,0.0266064,118.147,2.82593
99.8,0.0265336,118.152,2.82099
99.9,0.026461,118.157,2.81605
100,0.0263886,118.162,2.81111
100.1,0.0263165,118.167,2.80619
100.2,0.0262446,118.172,2.80127
100.3,0.026173,118.177,2.79636
100.4,0.0261017,118.182,2.79146
100.5,0.0260305,118.187,2.78656
100.6,0.0259597,118.192,2.78167
100.7,0.025889,118.197,2.77679
100.8,0.0258187,118.202,2.77192
100.9,0.0257485,118.207,2.76705
101,0.0256786,118.212,2.76219
101.1,0.025609,118.217,2.75734
101.2,0.0255395,118.222,2.7525
101.3,0.0254703,118.227,2.74766
101.4,0.0254014,118.232,2.74283
101.5,0.0253327,118.237,2.73801
101.6,0.0252642,118.242,2.73319
101.7,0.025196,118.246,2.72838
101.8,0.025128,118.251,2.72358
101.9,0.0250602,118.256,2.71879
102,0.0249927,118.261,2.714
102.1,0.0249253,118.266,2.70923
102.2,0.0248583,118.271,2.70445
102.3,0.0247914,118.276,2.69969
102.4,0.0247248,118.28,2.69493
102.5,0.0246584,118.285,2.69018
102.6,0.0245922,118.29,2.68544
102.7,0.0245263,118.295,2.6807
102.8,0.0244605,118.3,2.67597
102.9,0.024395,118.304,2.67125
103,0.0243298,118.309,2.66654
103.1,0.0242647,118.314,2.66183
103.2,0.0241999,118.319,2.65713
103.3,0.0241352,118.323,2.65244
103.4,0.0240708,118.328,2.64776
103.5,0.0240067,118.333,2.64308
103.6,0.0239427,118.338,2.63841
103.7,0.0238789,118.342,2.63374
103.8,0.0238154,118.347,2.62909
103.9,0.0237521,118.352,2.62444
104,0.023689,118.357,2.6198
104.1,0.0236261,118.361,2.61516
104.2,0.0235634,118.366,2.61053
104.3,0.0235009,118.371,2.60591
104.4,0.0234387,118.375,2.6013
104.5,0.0233766,118.38,2.59669
104.6,0.0233147,118.385,2.59209
104.7,0.0232531,118.389,2.5875
104.8,0.0231917,118.394,2.58292
104.9,0.0231304,118.399,2.57834
105,0.0230694,118.403,2.57377
105.1,0.0230086,118.408,2.5692
105.2,0.022948,118.412,2.56465
105.3,0.0228876,118.417,2.5601
105.4,0.0228273,118.422,2.55556
105.5,0.0227673,118.426,2.55102
105.6,0.0227075,118.431,2.54649
105.7,0.0226479,118.435,2.54197
105.8,0.0225885,118.44,2.53746
105.9,0.0225292,118.445,2.53295
106,0.0224702,118.449,2.52845
106.1,0.0224114,118.454,2.52396
106.2,0.0223528,118.458,2.51947
106.3,0.0222943,118.463,2.51499
106.4,0.0222361,118.467,2.51052
106.5,0.022178,118.472,2.50606
106.6,0.0221201,118.476,2.5016
106.7,0.0220625,118.481,2.49715
106.8,0.022005,118.485,2.4927
106.9,0.0219477,118.49,2.48827
107,0.0218906,118.494,2.48384
107.1,0.0218337,118.499,2.47941
107.2,0.0217769,118.503,2.475
107.3,0.0217204,118.508,2.47059
107.4,0.021664,118.512,2.46619
107.5,0.0216079,118.517,2.46179
107.6,0.0215519,118.521,2.45741
107.7,0.0214961,118.525,2.45302
107.8,0.0214404,118.53,2.44865
107.9,0.021385,118.534,2.44428
108,0.0213297,118.539,2.43992
108.1,0.0212747,118.543,2.43557
108.2,0.0212198,118.548,2.43122
108.3,0.021165,118.552,2.42688
108.4,0.0211105,118.556,2.42255
108.5,0.0210561,118.561,2.41823
108.6,0.0210019,118.565,2.41391
108.7,0.0209479,118.569,2.4096
108.8,0.0208941,118.574,2.40529
108.9,0.0208404,118.578,2.40099
109,0.0207869,118.583,2.3967
109.1,0.0207336,118.587,2.39242
109.2,0.0206805,118.591,2.38814
109.3,0.0206275,118.596,2.38387
109.4,0.0205747,118.6,2.3796
109.5,0.0205221,118.604,2.37535
109.6,0.0204696,118.608,2.3711
109.7,0.0204173,118.613,2.36685
109.8,0.0203652,118.617,2.36262
109.9,0.0203132,118.621,2.35839
110,0.0202615,118.626,2.35416
110.1,0.0202098,118.63,2.34995
110.2,0.0201584,118.634,2.34574
110.3,0.0201071,118.638,2.34154
110.4,0.020056,118.643,2.33734
110.5,0.020005,118.647,2.33315
110.6,0.0199542,118.651,2.32897
110.7,0.0199036,118.655,2.32479
110.8,0.0198531,118.66,2.32063
110.9,0.0198028,118.664,2.31646
111,0.0197527,118.668,2.31231
111.1,0.0197027,118.672,2.30816
111.2,0.0196528,118.676,2.30402
111.3,0.0196032,118.681,2.29988
111.4,0.0195536,118.685,2.29575
111.5,0.0195043,118.689,2.29163
111.6,0.0194551,118.693,2.28752
111.7,0.0194061,118.697,2.28341
111.8,0.0193572,118.701,2.27931
111.9,0.0193084,118.705,2.27521
112,0.0192599,118.71,2.27112
112.1,0.0192114,118.714,2.26704
112.2,0.0191632,118.718,2.26297
112.3,0.0191151,118.722,2.2589
112.4,0.0190671,118.726,2.25484
112.5,0.0190193,118.73,2.25078
112.6,0.0189716,118.734,2.24673
112.7,0.0189241,118.738,2.24269
112.8,0.0188768,118.742,2.23865
112.9,0.0188295,118.747,2.23463
113,0.0187825,118.751,2.2306
113.1,0.0187356,118.755,2.22659
113.2,0.0186888,118.759,2.22258
113.3,0.0186422,118.763,2.21858
113.4,0.0185957,118.767,2.21458
113.5,0.0185494,118.771,2.21059
113.6,0.0185032,118.775,2.20661
113.7,0.0184572,118.779,2.20263
113.8,0.0184113,118.783,2.19866
113.9,0.0183655,118.787,2.1947
114,0.0183199,118.791,2.19074
114.1,0.0182745,118.795,2.18679
114.2,0.0182291,118.799,2.18285
114.3,0.018184,118.803,2.17891
114.4,0.0181389,118.807,2.17498
114.5,0.018094,118.811,2.17106
114.6,0.0180493,118.815,2.16714
114.7,0.0180046,118.819,2.16323
114.8,0.0179602,118.823,2.15932
114.9,0.0179158,118.827,2.15542
115,0.0178716,118.831,2.15153
115.1,0.0178275,118.835,2.14765
115.2,0.0177836,118.838,2.14377
115.3,0.0177398,118.842,2.1399
115.4,0.0176962,118.846,2.13603
115.5,0.0176526,118.85,2.13217
115.6,0.0176092,118.854,2.12832
115.7,0.017566,118.858,2.12447
115.8,0.0175229,118.862,2.12063
115.9,0.0174799,118.866,2.11679
116,0.017437,118.87,2.11297
116.1,0.0173943,118.873,2.10915
116.2,0.0173517,118.877,2.10533
116.3,0.0173092,118.881,2.10152
116.4,0.0172669,118.885,2.09772
116.5,0.0172247,118.889,2.09392
116.6,0.0171826,118.893,2.09013
116.7,0.0171407,118.897,2.08635
116.8,0.0170989,118.9,2.08257
116.9,0.0170572,118.904,2.0788
117,0.0170156,118.908,2.07504
117.1,0.0169742,118.912,2.07128
117.2,0.0169329,118.916,2.06753
117.3,0.0168917,118.919,2.06378
117.4,0.0168507,118.923,2.06004
117.5,0.0168097,118.927,2.05631
117.6,0.0167689,118.931,2.05258
117.7,0.0167282,118.934,2.04886
117.8,0.0166877,118.938,2.04514
117.9,0.0166473,118.942,2.04144
118,0.0166069,118.946,2.03773
118.1,0.0165668,118.949,2.03404
118.2,0.0165267,118.953,2.03035
118.3,0.0164868,118.957,2.02667
118.4,0.0164469,118.961,2.02299
118.5,0.0164072,118.964,2.01932
118.6,0.0163677,118.968,2.01565
118.7,0.0163282,118.972,2.01199
118.8,0.0162888,118.975,2.00834
118.9,0.0162496,118.979,2.00469
119,0.0162105,118.983,2.00105
119.1,0.0161715,118.986,1.99742
119.2,0.0161327,118.99,1.99379
119.3,0.0160939,118.994,1.99017
119.4,0.0160553,118.997,1.98655
119.5,0.0160168,119.001,1.98294
119.6,0.0159783,119.005,1.97934
119.7,0.0159401,119.008,1.97574
119.8,0.0159019,119.012,1.97215
119.9,0.0158638,119.016,1.96856
120,0.0158259,119.019,1.96499
120.1,0.0157881,119.023,1.96141
120.2,0.0157503,119.026,1.95784
120.3,0.0157127,119.03,1.95428
120.4,0.0156752,119.034,1.95073
120.5,0.0156379,119.037,1.94718
120.6,0.0156006,119.041,1.94364
120.7,0.0155634,119.044,1.9401
120.8,0.0155264,119.048,1.93657
120.9,0.0154894,119.051,1.93304
121,0.0154526,119.055,1.92952
121.1,0.0154159,119.059,1.92601
121.2,0.0153793,119.062,1.9225
121.3,0.0153428,119.066,1.919
121.4,0.0153064,119.069,1.91551
121.5,0.0152701,119.073,1.91202
121.6,0.0152339,119.076,1.90853
121.7,0.0151979,119.08,1.90506
121.8,0.0151619,119.083,1.90158
121.9,0.015126,119.087,1.89812
122,0.0150903,119.09,1.89466
122.1,0.0150546,119.094,1.8912
122.2,0.0150191,119.097,1.88776
122.3,0.0149837,119.101,1.88431
122.4,0.0149483,119.104,1.88088
122.5,0.0149131,119.108,1.87745
122.6,0.014878,119.111,1.87402
122.7,0.014843,119.115,1.8706
122.8,0.0148081,119.118,1.86719
122.9,0.0147732,119.121,1.86378
123,0.0147385,119.125,1.86038
123.1,0.0147039,119.128,1.85699
123.2,0.0146694,119.132,1.8536
123.3,0.014635,119.135,1.85021
123.4,0.0146007,119.139,1.84684
123.5,0.0145665,119.142,1.84346
123.6,0.0145324,119.145,1.8401
123.7,0.0144984,119.149,1.83674
123.8,0.0144645,119.152,1.83338
123.9,0.0144307,119.156,1.83003
124,0.0143969,119.159,1.82669
124.1,0.0143633,119.162,1.82335
124.2,0.0143298,119.166,1.82002
124.3,0.0142964,119.169,1.81669
124.4,0.0142631,119.172,1.81337
124.5,0.0142299,119.176,1.81006
124.6,0.0141967,119.179,1.80675
124.7,0.0141637,119.182,1.80345
124.8,0.0141308,119.186,1.80015
124.9,0.0140979,119.189,1.79686
125,0.0140652,119.192,1.79357
125.1,0.0140325,119.196,1.79029
125.2,0.014,119.199,1.78702
125.3,0.0139675,119.202,1.78375
125.4,0.0139351,119.206,1.78048
125.5,0.0139029,119.209,1.77722
125.6,0.0138707,119.212,1.77397
125.7,0.0138386,119.215,1.77073
125.8,0.0138066,119.219,1.76748
125.9,0.0137747,119.222,1.76425
126,0.0137429,119.225,1.76102
126.1,0.0137112,119.228,1.75779
126.2,0.0136795,119.232,1.75458
126.3,0.013648,119.235,1.75136
126.4,0.0136165,119.238,1.74815
126.5,0.0135852,119.241,1.74495
126.6,0.0135539,119.245,1.74176
126.7,0.0135227,119.248,1.73856
126.8,0.0134916,119.251,1.73538
126.9,0.0134606,119.254,1.7322
127,0.0134297,119.258,1.72902
127.1,0.0133989,119.261,1.72586
127.2,0.0133682,119.264,1.72269
127.3,0.0133375,119.267,1.71953
127.4,0.013307,119.27,1.71638
127.5,0.0132765,119.273,1.71323
127.6,0.0132461,119.277,1.71009
127.7,0.0132158,119.28,1.70696
127.8,0.0131856,119.283,1.70383
127.9,0.0131554,119.286,1.7007
128,0.0131254,119.289,1.69758
128.1,0.0130954,119.292,1.69447
128.2,0.0130656,119.296,1.69136
128.3,0.0130358,119.299,1.68825
128.4,0.0130061,119.302,1.68516
128.5,0.0129764,119.305,1.68206
128.6,0.0129469,119.308,1.67898
128.7,0.0129174,119.311,1.67589
128.8,0.0128881,119.314,1.67282
128.9,0.0128588,119.317,1.66975
129,0.0128296,119.32,1.66668
129.1,0.0128004,119.324,1.66362
129.2,0.0127714,119.327,1.66056
129.3,0.0127424,119.33,1.65751
129.4,0.0127136,119.333,1.65447
129.5,0.0126848,119.336,1.65143
129.6,0.012656,119.339,1.6484
129.7,0.0126274,119.342,1.64537
129.8,0.0125988,119.345,1.64235
129.9,0.0125704,119.348,1.63933
130,0.012542,119.351,1.63631
130.1,0.0125136,119.354,1.63331
130.2,0.0124854,119.357,1.6303
130.3,0.0124572,119.36,1.62731
130.4,0.0124292,119.363,1.62432
130.5,0.0124012,119.366,1.62133
130.6,0.0123732,119.369,1.61835
130.7,0.0123454,119.372,1.61537
130.8,0.0123176,119.375,1.6124
130.9,0.0122899,119.378,1.60944
131,0.0122623,119.381,1.60648
131.1,0.0122348,119.384,1.60352
131.2,0.0122073,119.387,1.60057
131.3,0.0121799,119.39,1.59763
131.4,0.0121526,119.393,1.59469
131.5,0.0121254,119.396,1.59175
131.6,0.0120982,119.399,1.58882
131.7,0.0120711,119.402,1.5859
131.8,0.0120441,119.405,1.58298
131.9,0.0120172,119.408,1.58007
132,0.0119903,119.411,1.57716
132.1,0.0119635,119.414,1.57425
132.2,0.0119368,119.417,1.57135
132.3,0.0119102,119.42,1.56846
132.4,0.0118836,119.423,1.56557
132.5,0.0118571,119.425,1.56269
132.6,0.0118307,119.428,1.55981
132.7,0.0118043,119.431,1.55694
132.8,0.0117781,119.434,1.55407
132.9,0.0117519,119.437,1.55121
133,0.0117257,119.44,1.54835
133.1,0.0116997,119.443,1.5455
133.2,0.0116737,119.446,1.54265
133.3,0.0116478,119.449,1.53981
133.4,0.0116219,119.451,1.53697
133.5,0.0115961,119.454,1.53414
133.6,0.0115704,119.457,1.53131
133.7,0.0115448,119.46,1.52849
133.8,0.0115192,119.463,1.52567
133.9,0.0114937,119.466,1.52285
134,0.0114683,119.468,1.52005
134.1,0.011443,119.471,1.51724
134.2,0.0114177,119.474,1.51445
134.3,0.0113924,119.477,1.51165
134.4,0.0113673,119.48,1.50887
134.5,0.0113422,119.483,1.50608
134.6,0.0113172,119.485,1.5033
134.7,0.0112923,119.488,1.50053
134.8,0.0112674,119.491,1.49776
134.9,0.0112426,119.494,1.495
135,0.0112178,119.497,1.49224
135.1,0.0111931,119.499,1.48949
135.2,0.0111685,119.502,1.48674
135.3,0.011144,119.505,1.48399
135.4,0.0111195,119.508,1.48126
135.5,0.0110951,119.51,1.47852
135.6,0.0110707,119.513,1.47579
135.7,0.0110465,119.516,1.47307
135.8,0.0110223,119.519,1.47035
135.9,0.0109981,119.521,1.46763
136,0.010974,119.524,1.46492
136.1,0.01095,119.527,1.46222
136.2,0.010926,119.53,1.45952
136.3,0.0109021,119.532,1.45682
136.4,0.0108783,119.535,1.45413
136.5,0.0108546,119.538,1.45145
136.6,0.0108309,119.54,1.44876
136.7,0.0108072,119.543,1.44609
136.8,0.0107836,119.546,1.44342
136.9,0.0107601,119.548,1.44075
137,0.0107367,119.551,1.43809
137.1,0.0107133,119.554,1.43543
137.2,0.01069,119.557,1.43278
137.3,0.0106667,119.559,1.43013
137.4,0.0106435,119.562,1.42749
137.5,0.0106204,119.565,1.42485
137.6,0.0105973,119.567,1.42221
137.7,0.0105743,119.57,1.41958
137.8,0.0105513,119.572,1.41696
137.9,0.0105285,119.575,1.41434
138,0.0105056,119.578,1.41173
138.1,0.0104829,119.58,1.40912
138.2,0.0104601,119.583,1.40651
138.3,0.0104375,119.586,1.40391
138.4,0.0104149,119.588,1.40131
138.5,0.0103924,119.591,1.39872
138.6,0.0103699,119.593,1.39613
138.7,0.0103475,119.596,1.39355
138.8,0.0103251,119.599,1.39097
138.9,0.0103028,119.601,1.3884
139,0.0102806,119.604,1.38583
139.1,0.0102584,119.606,1.38327
139.2,0.0102363,119.609,1.38071
139.3,0.0102143,119.612,1.37815
139.4,0.0101923,119.614,1.3756
139.5,0.0101703,119.617,1.37306
139.6,0.0101484,119.619,1.37051
139.7,0.0101266,119.622,1.36798
139.8,0.0101048,119.624,1.36545
139.9,0.0100831,119.627,1.36292
140,0.0100615,119.63,1.36039
140.1,0.0100399,119.632,1.35788
140.2,0.0100183,119.635,1.35536
140.3,0.00999684,119.637,1.35285
140.4,0.00997541,119.64,1.35035
140.5,0.00995404,119.642,1.34785
140.6,0.00993272,119.645,1.34535
140.7,0.00991146,119.647,1.34286
140.8,0.00989025,119.65,1.34037
140.9,0.0098691,119.652,1.33789
141,0.009848,119.655,1.33541
141.1,0.00982696,119.657,1.33294
141.2,0.00980597,119.66,1.33047
141.3,0.00978504,119.662,1.328
141.4,0.00976416,119.665,1.32554
141.5,0.00974333,119.667,1.32309
141.6,0.00972256,119.67,1.32064
141.7,0.00970185,119.672,1.31819
141.8,0.00968119,119.675,1.31575
141.9,0.00966058,119.677,1.31331
142,0.00964002,119.679,1.31087
142.1,0.00961952,119.682,1.30844
142.2,0.00959907,119.684,1.30602
142.3,0.00957867,119.687,1.3036
142.4,0.00955833,119.689,1.30118
142.5,0.00953804,119.692,1.29877
142.6,0.0095178,119.694,1.29636
142.7,0.00949761,119.697,1.29396
142.8,0.00947748,119.699,1.29156
142.9,0.00945739,119.701,1.28916
143,0.00943736,119.704,1.28677
143.1,0.00941738,119.706,1.28439
143.2,0.00939745,119.709,1.282
143.3,0.00937758,119.711,1.27963
143.4,0.00935775,119.713,1.27725
143.5,0.00933798,119.716,1.27488
143.6,0.00931825,119.718,1.27252
143.7,0.00929858,119.721,1.27016
143.8,0.00927895,119.723,1.2678
143.9,0.00925938,119.725,1.26545
144,0.00923986,119.728,1.2631
144.1,0.00922038,119.73,1.26076
144.2,0.00920096,119.732,1.25842
144.3,0.00918158,119.735,1.25608
144.4,0.00916226,119.737,1.25375
144.5,0.00914298,119.739,1.25143
144.6,0.00912376,119.742,1.2491
144.7,0.00910458,119.744,1.24679
144.8,0.00908545,119.746,1.24447
144.9,0.00906637,119.749,1.24216
145,0.00904734,119.751,1.23986
145.1,0.00902836,119.753,1.23756
145.2,0.00900942,119.756,1.23526
145.3,0.00899054,119.758,1.23296
145.4,0.0089717,119.76,1.23068
145.5,0.0089529,119.763,1.22839
145.6,0.00893416,119.765,1.22611
145.7,0.00891547,119.767,1.22383
145.8,0.00889682,119.77,1.22156
145.9,0.00887821,119.772,1.21929
146,0.00885966,119.774,1.21703
